ZIP,PCT_WORKING,PCT_HOUSE_OWNERS,PCT_WITH_CAR
1001EZ,76,60,87
1001FA,76,60,88
1001GB,70,48,88
1001PJ,76,59,90
1001PR,86,69,91
1002AI,88,72,92
1002EH,76,59,92
1002GZ,79,67,91
1002JC,76,57,87
1002JX,80,64,92
1002MP,83,67,91
1002VW,83,70,92
1002WX,80,67,92
1002YB,73,57,93
1003IX,71,56,89
1003QH,80,62,90
1003QN,88,74,90
1003TK,91,72,92
1003UB,67,49,93
1004CR,80,60,88
1004IB,81,65,89
1004PO,84,70,94
1004XV,85,70,88
1005GB,81,64,87
1005GR,77,62,88
1005SZ,70,55,95
1006FL,84,71,94
1006KL,70,54,96
1006VP,75,63,90
1006WP,75,61,92
1007AE,74,58,85
1007HU,76,63,86
1007JU,82,65,86
1007TN,83,70,90
1007YV,79,64,90
1008CD,75,60,89
1008DS,82,66,90
1008GT,71,61,92
1008IP,78,65,90
1008KU,82,66,96
1008LJ,82,66,91
1008NV,72,57,91
1008YE,84,69,89
1008YS,81,64,89
1008YZ,74,57,91
1009SH,80,65,92
1009TV,73,59,90
1009ZI,80,66,89
1009ZS,87,72,92
1010GN,86,69,90
1010IM,82,67,88
1010JJ,73,58,94
1010NH,78,63,89
1010RH,81,67,89
1011CQ,82,64,88
1011NI,78,66,90
1011OA,68,50,87
1011UM,79,65,87
1011XX,74,60,90
1012HE,83,67,93
1012KL,91,76,87
1012MZ,83,70,90
1012NA,76,65,95
1013BV,85,71,90
1013ET,80,64,88
1013GD,81,66,87
1013GU,86,71,90
1013KP,91,77,93
1013LF,79,63,89
1013RL,80,66,91
1013SA,82,70,90
1013UT,80,64,89
1013ZL,88,73,92
1014GX,86,71,90
1014LQ,73,61,86
1014OO,85,71,90
1014QS,80,66,91
1014SW,75,63,89
1015BU,85,69,92
1015LC,85,69,92
1015SA,85,68,92
1015TR,86,74,87
1015WW,87,69,87
1016EL,84,67,88
1016FE,80,67,90
1016MH,77,64,87
1016TM,99,83,89
1016UI,78,63,89
1017HU,85,72,93
1017QM,84,67,90
1017QU,80,69,91
1017TD,83,68,90
1017UG,71,58,91
1017ZU,80,65,92
1018CX,76,60,87
1018ED,83,67,85
1018ET,89,73,89
1018FJ,83,67,90
1018FW,77,60,91
1018GT,80,64,90
1018KC,82,71,92
1018RM,78,64,90
1018UX,76,60,89
1018WI,81,66,94
1019BN,86,68,88
1019CB,83,69,92
1019OG,86,71,92
1019QE,78,67,89
1019TI,76,65,93
1019YE,80,63,90
1019ZO,82,64,88
1020DH,80,64,88
1020FR,86,71,88
1020PS,87,74,88
1020PT,87,77,91
1020VD,79,65,88
1021FE,70,56,90
1021QX,83,67,92
1021SK,82,67,91
1021VB,80,66,89
1021VK,76,58,91
1021VN,86,69,89
1021WW,91,76,87
1022DK,66,50,88
1022DT,77,60,89
1022NH,92,75,90
1022PV,77,61,93
1022RN,83,65,93
1022TC,84,69,90
1022VU,76,62,89
1022ZS,87,77,94
1023AR,83,68,90
1023IX,81,68,92
1023KX,83,68,88
1023MP,82,64,86
1023NC,84,67,90
1023NS,88,70,86
1023YW,78,60,87
1024EA,75,59,91
1024RY,71,57,88
1024UM,88,73,88
1024YM,86,74,92
1024ZL,81,65,85
1025KE,78,66,89
1025NW,87,75,86
1025RX,79,66,91
1025VY,86,70,92
1026CH,80,66,91
1026HG,83,71,91
1026MO,79,65,86
1026TU,81,68,90
1027LQ,84,69,93
1027OJ,78,63,86
1027PC,82,69,93
1027WY,78,62,93
1028EK,78,64,92
1028GI,81,67,88
1028JO,87,72,91
1029KF,81,65,85
1029YV,77,64,90
1030EH,79,64,89
1030FK,84,65,89
1030GH,85,68,91
1030GM,85,69,90
1030JU,71,57,90
1030UE,75,62,84
1030UU,80,64,86
1030VE,84,68,89
1031FD,75,61,88
1031GH,88,72,93
1031JG,75,60,92
1032BN,82,70,90
1032JF,81,66,92
1032KT,82,66,90
1032OX,80,66,92
1032QJ,83,64,88
1032QW,79,64,93
1032UZ,76,61,91
1032VS,77,61,91
1033IG,80,63,87
1033KU,72,60,87
1033MJ,79,65,92
1033QE,77,62,90
1033TX,73,57,92
1034MN,77,62,92
1034PA,73,54,91
1034PE,94,79,89
1034UW,76,62,90
1034XI,77,62,90
1035LY,83,68,92
1035QV,71,55,90
1035TQ,74,58,90
1035WI,77,62,87
1036EA,87,70,89
1036LJ,78,63,89
1036RL,76,62,90
1036XG,91,76,89
1037CV,80,62,91
1037JO,92,75,90
1037KA,81,67,92
1037NU,83,71,91
1037SY,90,74,88
1037ZY,74,57,92
1038FV,74,59,89
1038YB,82,69,91
1038YI,79,65,91
1039HO,78,65,92
1039JO,76,64,91
1039QE,86,71,93
1039SW,80,66,92
1039TJ,83,68,92
1039YG,88,72,90
1039ZT,81,68,90
1040JR,74,60,88
1040RZ,87,74,91
1041AN,80,70,91
1041CB,81,65,91
1041EE,80,65,92
1041JP,85,73,91
1041MH,73,57,92
1041RW,77,62,91
1042DW,80,65,93
1042JD,79,67,89
1042KX,76,59,87
1042LK,82,66,91
1042ZU,83,70,90
1043LT,78,62,90
1043OA,70,56,90
1043RB,74,58,90
1043VZ,78,62,89
1043WF,84,67,91
1044AM,80,63,90
1044GY,79,66,92
1044HG,89,75,90
1044HQ,73,59,90
1044LO,85,74,91
1044SD,75,59,88
1045MM,88,73,88
1045WB,76,63,90
1045ZH,89,74,89
1045ZS,73,59,93
1046AU,77,62,90
1046GF,88,74,92
1046QA,87,75,91
1046YR,81,66,88
1047AX,83,69,90
1047CU,75,60,91
1047IN,86,73,90
1047MJ,84,65,88
1047NW,74,59,89
1047TM,77,64,91
1047UN,80,61,89
1047WX,80,66,91
1048ED,85,71,88
1048FK,78,65,91
1048GB,80,66,91
1048GW,80,65,90
1048KJ,70,55,94
1048LC,76,60,90
1048TF,83,66,90
1049KL,79,63,85
1049OA,69,53,90
1049PW,73,63,87
1049SS,89,76,90
1049TM,80,61,90
1050AM,81,62,89
1050EE,83,71,87
1050GY,80,67,90
1050OW,76,62,88
1050QK,76,60,89
1050SJ,68,53,89
1050WO,74,60,92
1050ZB,86,70,96
1051CM,85,70,90
1051HV,84,69,89
1051QN,80,68,90
1052FC,73,58,89
1052FE,80,65,91
1052LG,86,76,93
1052OY,73,60,91
1053AE,78,58,93
1053CT,88,72,88
1053DG,77,61,88
1053EO,73,56,89
1053KT,79,64,90
1053QD,86,71,89
1053UV,76,60,89
1054AV,88,74,87
1054LI,84,67,91
1054QH,88,71,87
1054ZC,82,68,93
1055CI,91,76,89
1055FG,84,71,92
1055GI,76,60,88
1055PY,69,53,87
1055QY,81,66,87
1056AT,84,71,88
1056HC,70,54,88
1056MY,83,65,93
1056TQ,78,64,90
1056YG,81,69,90
1057BH,80,65,91
1057BJ,84,68,91
1057DB,89,77,89
1057FU,69,53,90
1057GZ,85,70,88
1057JK,86,74,91
1057QK,89,76,90
1057RB,84,71,87
1057RC,84,69,89
1058CA,84,71,93
1058JA,79,62,87
1058RA,80,64,91
1058XJ,85,70,90
1059HK,81,67,90
1059LN,84,66,91
1059MZ,84,69,89
1059RO,85,68,91
1059SP,70,53,90
1059WZ,83,67,90
1060AF,81,67,90
1060AU,85,74,90
1060IP,78,65,91
1061AB,86,73,94
1061QA,77,62,90
1061QU,70,56,91
1061SS,83,66,88
1061TB,83,69,93
1061TL,89,74,90
1061UR,86,67,85
1061XR,73,61,92
1062AS,80,65,87
1062BA,79,66,89
1062BK,79,64,94
1062BZ,76,62,93
1062XK,76,60,91
1062ZK,88,71,91
1063KV,73,59,92
1063UK,91,76,90
1063VA,81,69,91
1063ZY,82,65,90
1064AS,85,69,89
1064BW,79,70,89
1064LR,74,58,90
1064RB,66,55,90
1064RC,80,65,89
1064RE,88,72,87
1064RX,86,69,92
1064VR,87,72,87
1065AG,75,62,90
1065AV,85,71,91
1065CM,87,73,90
1065DF,71,57,92
1065FM,84,67,89
1065KY,79,62,92
1065UP,77,60,88
1065XL,75,62,89
1065YJ,78,61,89
1065ZJ,85,69,93
1066KU,75,61,90
1067DY,80,65,88
1067UM,69,52,96
1068DK,84,72,86
1068DV,80,63,89
1068EU,87,71,91
1068FU,75,61,89
1068GH,77,61,89
1068TG,81,67,90
1069EA,81,66,88
1069FD,81,66,90
1069IE,74,58,91
1069JI,95,82,92
1069RA,76,64,89
1069ZV,81,68,89
1070FK,84,67,89
1070IX,86,72,94
1070LO,81,66,89
1070NE,77,60,91
1070QX,84,67,89
1070YI,83,69,89
1071EI,79,63,89
1071IJ,72,58,89
1071NW,78,64,90
1071VB,81,68,93
1071YV,82,65,90
1072BK,87,70,86
1072DP,82,67,92
1072GS,77,62,90
1072KZ,77,61,91
1072TN,77,63,90
1073JS,82,69,90
1073SK,84,69,91
1073VA,83,67,90
1073YV,84,66,89
1074JD,85,69,88
1074MG,77,60,88
1074QM,73,54,87
1074WC,75,56,91
1075NZ,74,59,94
1075OI,77,63,89
1075PG,69,53,91
1075XH,85,66,88
1076CE,77,64,91
1076NE,83,71,90
1076SA,86,71,92
1076XS,86,72,87
1077AQ,78,62,92
1077BK,87,76,89
1077CQ,71,55,88
1077IP,82,69,86
1077WY,80,63,89
1077XB,81,64,91
1078CH,79,66,85
1078DT,70,57,89
1078ET,83,68,93
1078JE,77,62,89
1078RE,80,68,88
1078ZR,81,68,92
1079LP,77,63,86
1079RQ,84,71,90
1079SR,79,63,96
1079XV,78,60,90
1080CP,81,65,86
1080OO,79,65,89
1080YL,90,75,93
1081BM,94,79,89
1081MR,72,59,85
1081OM,78,62,89
1081TF,88,72,89
1081UH,83,71,84
1082DP,81,67,91
1082EP,84,70,92
1082JK,79,64,90
1082NE,79,63,84
1082NJ,76,60,94
1082VH,87,73,91
1082VO,78,67,88
1083PM,79,65,86
1083PQ,82,66,90
1083ZK,84,75,91
1084DV,76,59,91
1084QS,90,75,96
1084SM,76,61,89
1084TQ,76,60,89
1084UP,80,66,89
1084VK,81,68,89
1085AB,85,68,88
1085BW,71,58,90
1085FZ,81,63,92
1085GV,74,59,89
1085OE,77,61,91
1085PI,80,67,88
1086UX,80,63,88
1086XL,80,67,88
1086YX,81,66,92
1087FO,77,66,93
1087OY,80,62,90
1088CK,84,71,89
1088EU,79,64,88
1088HU,81,65,89
1088TX,76,59,89
1088VM,81,70,89
1089BV,73,55,92
1089NM,90,74,91
1089OQ,73,56,92
1089RC,68,57,93
1089ZI,79,62,90
1090AG,78,65,90
1090AK,80,70,91
1090IC,85,69,93
1090JK,77,56,91
1090OS,74,62,89
1091CW,76,58,90
1091IC,80,63,92
1091PF,74,56,91
1091ST,82,69,91
1091YE,78,64,90
1091YM,83,69,88
1092AJ,72,59,91
1092BF,81,67,88
1092FQ,86,73,91
1092HP,81,65,89
1092LF,76,62,92
1092PL,87,72,90
1092RI,86,74,91
1092ZS,74,58,89
1093AG,80,66,91
1093BF,72,58,89
1093NO,85,70,87
1093QL,87,74,92
1093RR,74,59,89
1093TY,81,70,93
1093WI,84,70,87
1094BA,89,74,92
1094GM,84,68,89
1095DU,74,61,89
1095EA,80,65,89
1095EX,78,57,87
1095JE,80,67,87
1095LH,83,70,88
1095RZ,82,62,88
1095YQ,79,62,86
1096HM,84,73,86
1096UP,78,63,90
1096UQ,83,65,88
1096XX,82,68,92
1097AO,77,62,87
1097VI,73,58,90
1097WR,65,50,93
1097YA,85,67,90
1097YW,77,65,92
1098AE,87,70,87
1098ED,81,65,90
1098HX,71,57,87
1098IP,82,67,88
1098KN,83,67,91
1098UX,83,67,89
1098ZT,77,58,90
1099EO,85,72,90
1099FE,76,63,91
1099HS,78,61,85
1099LL,80,68,92
1099NA,71,53,91
1100QN,72,58,91
1100VN,82,65,94
1100ZM,63,48,93
1101IE,77,64,89
1101LF,78,61,93
1101PM,78,63,91
1101QJ,87,72,89
1101QU,83,71,89
1102BQ,83,69,91
1102HH,73,57,89
1103JZ,77,62,87
1103SV,77,62,94
1103VN,84,67,90
1103YD,76,62,88
1103ZY,85,70,91
1104BP,75,56,91
1104CR,83,68,87
1104GF,81,69,89
1104PK,88,70,90
1104ZJ,85,71,90
1105CZ,86,71,89
1105FV,74,60,91
1105GL,77,62,92
1105HG,80,61,89
1105JL,83,67,91
1105QV,82,71,89
1105SC,67,50,92
1105WB,79,62,93
1105ZY,70,58,91
1106LZ,83,72,90
1106TT,81,67,87
1107AI,87,70,88
1107IS,78,65,85
1107LL,84,70,91
1107OM,74,60,90
1107PI,80,63,86
1107PN,81,64,90
1107QK,79,65,95
1107ZW,82,70,91
1108FB,87,75,90
1108UR,84,69,89
1108WW,84,70,88
1109CB,89,76,89
1109HB,80,66,90
1109NY,84,65,94
1109SS,84,67,92
1109ST,83,73,94
1109VD,87,69,92
1109YW,77,61,89
1109ZC,76,60,93
1110DE,76,59,92
1110GW,84,69,90
1110JC,80,63,89
1110RW,78,66,93
1110TQ,77,62,87
1110VG,81,66,93
1111GS,74,57,93
1111PG,73,58,90
1111RW,69,55,91
1111UJ,78,61,91
1112AM,74,61,90
1112HL,79,60,89
1112JX,82,66,93
1112LM,86,69,91
1112OD,84,67,91
1112ON,77,61,90
1112ZG,82,68,93
1113GN,81,70,89
1113IE,82,70,94
1113NP,83,67,91
1113PD,87,70,93
1113SW,84,70,95
1113XN,82,67,90
1114MA,76,60,89
1115AL,81,67,89
1115XA,79,65,91
1116CJ,80,65,88
1116JE,75,61,93
1116PR,82,65,91
1116QM,80,65,90
1116RI,78,63,90
1116TF,79,70,91
1116XE,84,70,88
1117AB,80,63,90
1117BK,82,64,90
1117LG,83,71,90
1117SY,79,63,91
1118CL,74,61,92
1118HH,89,76,92
1118JV,85,69,88
1118SX,80,66,90
1118XE,80,66,90
1119CC,86,72,92
1119GZ,77,59,88
1119MS,78,61,87
1119US,80,63,88
1119ZN,80,71,93
1120IA,85,67,92
1120IU,78,62,88
1120OO,80,67,91
1120QK,88,71,90
1120SA,82,68,91
1120SL,79,67,90
1120SZ,82,67,90
1120WD,76,57,91
1121DD,76,64,91
1121FQ,77,59,91
1121HA,78,62,91
1122CM,78,62,89
1122SA,79,62,89
1122ZA,75,61,89
1122ZN,90,76,90
1123DZ,82,68,92
1123JW,82,68,95
1123RJ,84,68,89
1123RR,79,60,90
1124BA,72,60,89
1124IV,78,62,92
1124JW,85,72,89
1124NK,82,65,88
1124QD,82,67,89
1124RQ,78,59,90
1124TH,82,68,89
1124YX,79,62,89
1125AX,79,66,91
1125BU,82,67,88
1125DT,76,60,90
1125FA,80,62,89
1125GI,82,69,93
1125QW,68,57,90
1126AM,86,69,88
1126HV,78,63,91
1126TR,75,60,86
1127CS,73,58,94
1127FS,79,67,91
1127NT,69,56,92
1127NY,78,63,90
1127QN,77,64,92
1127WB,73,58,88
1128CR,87,70,93
1128ML,83,69,90
1128VC,81,66,93
1128XA,84,68,90
1129FH,80,68,91
1129HL,75,61,91
1129VD,76,63,87
1129YR,75,62,90
1130AA,93,78,93
1130MR,88,70,89
1130OR,84,65,90
1131AJ,94,76,89
1131CZ,81,66,93
1131EX,79,67,87
1131UD,81,69,90
1131WZ,77,63,90
1131XQ,81,66,91
1132BN,74,59,90
1132DG,82,67,86
1132FH,83,68,92
1132JG,80,65,88
1132NB,71,58,88
1132NF,76,60,93
1132PS,73,58,90
1132SS,81,63,88
1133DE,81,65,90
1133DK,77,62,92
1133FK,79,65,91
1133LM,75,62,89
1133QZ,78,60,91
1134BQ,80,64,93
1134JU,86,69,90
1134NZ,74,58,94
1134XX,85,72,92
1135DG,78,64,90
1135NJ,78,62,89
1135RI,70,56,89
1135XX,81,67,89
1135YI,80,65,88
1135ZL,81,64,90
1136NM,79,65,90
1136PI,82,68,89
1136QQ,81,65,89
1136XZ,84,67,93
1137BN,83,67,90
1137EM,86,71,90
1137FN,81,66,93
1137GC,78,67,88
1137JR,83,69,90
1137KS,68,50,90
1137XZ,79,65,91
1138FD,83,70,92
1138HJ,84,68,91
1138KF,80,66,94
1138OF,84,67,94
1138RR,73,60,93
1138SC,79,62,89
1138TJ,76,58,87
1138XC,80,66,89
1139EV,76,62,94
1139GG,76,63,94
1139JE,75,61,91
1139LY,79,65,94
1139TH,89,73,90
1139VM,82,68,93
1139WG,81,70,91
1139XA,78,65,91
1140OW,84,70,92
1140RY,78,65,88
1140VR,76,63,95
1140XQ,81,68,90
1141IQ,78,63,95
1141QA,66,52,91
1141SG,81,65,90
1141SS,79,64,92
1142FK,76,59,88
1142GK,80,65,89
1142NU,87,74,89
1142SL,76,62,93
1142SS,76,64,91
1143KN,80,65,93
1143PM,85,71,92
1143VC,85,71,90
1144EO,88,70,89
1144KL,82,66,91
1144NZ,84,71,86
1145AA,83,66,90
1145BC,73,58,90
1145JU,74,58,91
1145NI,74,63,90
1145NW,90,74,87
1145YE,77,62,90
1146AG,82,67,88
1146KN,74,57,89
1146MQ,79,62,89
1146RM,84,70,88
1146RV,91,74,88
1146SF,84,70,87
1146XG,81,67,89
1146ZZ,84,71,91
1147KI,87,71,89
1147OO,88,73,89
1147TF,77,63,91
1148AW,80,66,91
1148HG,83,71,90
1148KC,72,56,95
1148UD,78,64,87
1148WO,73,56,88
1149JN,70,52,91
1149LO,82,63,91
1149RL,76,58,88
1149TY,72,61,90
1149WE,79,65,88
1149ZP,83,68,93
1150CU,74,58,91
1150HN,83,70,91
1150IV,81,67,90
1150NI,89,74,88
1150QP,78,61,92
1151EI,75,55,92
1151FU,79,62,90
1151IY,83,67,89
1151JP,82,67,88
1151KP,82,65,89
1151QW,75,58,94
1151TI,83,67,86
1152QJ,73,58,92
1152QT,78,61,90
1152SG,76,61,90
1153AZ,81,66,92
1153GM,77,61,89
1153JG,80,65,91
1153RA,75,62,90
1153VE,79,65,90
1153XP,81,64,91
1153ZR,79,62,93
1154IY,83,68,90
1154KT,85,72,90
1154SR,80,68,90
1154TB,80,66,86
1155BC,87,73,93
1155CN,79,61,90
1155DM,81,66,90
1155JY,84,71,93
1155QR,77,68,91
1155WG,76,63,88
1156IA,88,75,90
1156KH,80,63,89
1156LT,78,61,87
1156OV,73,61,93
1156RC,80,68,93
1156XJ,75,57,91
1156ZV,92,80,89
1157FZ,80,65,92
1157MW,80,65,93
1157ND,83,66,91
1157TP,83,69,91
1158CG,71,52,91
1158MY,78,61,90
1158RY,77,64,91
1158SJ,72,57,88
1158TL,85,70,90
1159FD,73,58,90
1159GJ,85,67,91
1159HM,84,70,90
1159TK,83,68,93
1159XP,76,60,90
1159ZW,76,67,89
1160GI,79,66,91
1160KC,72,58,90
1160QB,72,58,92
1160QR,84,69,92
1161BL,93,76,87
1161XD,72,54,91
1161XS,81,65,87
1161YJ,81,69,88
1162BA,76,61,91
1162MX,88,72,87
1162WD,82,68,92
1162WX,82,68,86
1162ZZ,74,57,89
1163KM,77,57,90
1163MK,82,67,89
1163PZ,70,56,89
1163TM,83,69,92
1164AT,84,65,89
1164KS,79,68,88
1164VN,80,64,89
1164ZI,84,70,93
1165CA,67,49,92
1165LD,86,72,88
1165PY,73,62,89
1165QN,68,52,90
1165RM,74,59,88
1165YA,86,71,91
1165ZT,83,69,91
1166OK,88,71,87
1166WD,79,63,91
1166YQ,84,69,93
1167FY,85,72,90
1167JP,86,71,92
1167SQ,81,63,91
1167ZF,78,62,86
1168AS,88,72,89
1168DJ,87,71,87
1168GZ,82,69,91
1168IQ,67,52,92
1168JH,85,71,90
1168MR,80,64,87
1168PA,77,59,90
1168SE,78,63,87
1168XW,73,56,87
1168ZB,83,68,93
1169BP,77,62,91
1169HV,78,65,92
1169IY,82,67,91
1169NF,81,68,89
1170GO,87,73,90
1170SC,70,54,87
1170YA,84,70,92
1171MA,85,71,90
1171UC,87,69,89
1171VQ,85,68,90
1172FH,77,61,91
1172NV,77,65,90
1172QU,91,76,90
1172ZG,80,62,89
1172ZK,72,59,89
1172ZQ,79,61,91
1173HY,78,60,92
1173NC,85,71,89
1173NU,77,63,91
1173RL,83,70,89
1173WK,76,60,93
1174BM,83,69,93
1174CV,72,59,89
1174FO,84,71,90
1174QG,81,62,90
1174RR,83,68,90
1174UB,74,59,88
1174UN,77,63,92
1174XA,80,65,91
1175AD,87,68,91
1175AU,80,68,88
1175CJ,82,65,93
1175FJ,74,58,90
1175FT,76,57,89
1175KU,80,64,91
1175OV,74,59,89
1175ZR,74,58,84
1176FD,84,67,90
1176GA,83,69,92
1176IO,83,69,90
1176MF,86,68,90
1176NB,77,60,87
1176XO,81,68,90
1177FP,81,64,88
1177HL,77,60,88
1177PD,81,67,90
1177TR,82,67,89
1178US,85,73,90
1179IQ,81,68,90
1179YE,73,60,91
1180HP,70,55,91
1180IC,88,77,89
1180LU,78,61,88
1180NG,77,62,91
1180OO,80,66,88
1180UC,81,66,89
1180XV,76,61,90
1180YB,82,69,88
1181BM,83,70,91
1181ME,84,68,94
1181XC,83,66,92
1182AQ,79,69,87
1182BY,79,63,94
1182CM,84,70,91
1182CN,86,73,89
1182HI,76,61,91
1182IZ,78,62,86
1182KP,77,62,91
1182NG,79,63,90
1182PW,83,66,90
1182XK,77,66,90
1183FC,85,66,93
1184EV,79,65,93
1184SH,80,66,88
1184VR,77,62,89
1184XD,83,68,90
1184ZX,80,64,89
1185BN,90,77,93
1185NB,87,69,95
1185NM,84,71,92
1185PK,84,71,90
1185RB,84,68,88
1186BT,89,75,90
1186JS,77,64,92
1186MW,83,69,91
1186VX,79,60,89
1186XY,72,59,88
1187EQ,81,63,88
1187GL,77,63,90
1187RS,80,66,89
1187UC,78,64,91
1188LC,79,68,91
1188PH,79,67,91
1188QJ,77,59,89
1188SE,85,70,90
1188TZ,82,69,88
1188UR,89,72,92
1188XV,74,57,92
1189CH,89,74,94
1189EU,78,63,87
1189OU,73,56,94
1189QK,87,72,89
1189YY,83,69,93
1189ZT,82,67,89
1190EL,90,76,91
1190EZ,79,62,89
1190IA,81,64,90
1190SO,78,65,89
1190YD,74,63,89
1191LK,81,65,93
1191QT,88,73,89
1191VS,72,54,88
1191XV,81,66,91
1192CA,75,62,87
1192IB,84,66,91
1192LC,74,58,92
1192WZ,75,60,88
1192XA,89,74,88
1193BT,88,70,89
1193EN,88,73,89
1193KJ,77,65,89
1193RT,80,66,90
1193WT,80,69,90
1193ZW,76,63,89
1194HO,74,58,91
1194QF,87,72,91
1195DG,74,59,92
1195EE,76,61,91
1196VU,81,69,90
1196XI,87,71,89
1197CK,81,64,90
1197EO,82,66,91
1197FZ,77,62,93
1197HI,75,60,92
1197HQ,76,64,92
1197PO,80,64,94
1197RK,76,60,90
1197XM,76,61,94
1198DD,81,62,92
1198EM,85,69,93
1198KW,84,69,94
1198MU,89,75,91
1198WX,80,67,93
1199ZZ,74,57,87
1200DL,84,73,90
1200KC,79,67,88
1200KE,80,63,90
1200PY,83,67,85
1200TN,81,68,92
1200TP,71,57,87
1200UG,84,71,93
1200YW,75,58,87
1200ZC,78,64,93
1201IK,79,64,93
1201NZ,81,64,87
1201QN,75,59,87
1201RB,71,55,91
1201SU,77,64,88
1201WY,84,72,89
1201XR,81,63,88
1202EP,81,70,92
1202GE,79,66,90
1202OA,86,73,91
1203FM,82,69,92
1203GH,81,66,91
1203LS,82,65,89
1204BN,79,61,89
1204OY,70,57,89
1204TF,81,62,91
1204XO,79,63,91
1205DL,79,64,92
1205EP,75,63,90
1205HD,83,64,91
1205JD,85,69,89
1205NF,70,54,88
1205OO,86,71,90
1205QU,86,71,91
1205WR,79,63,85
1205ZY,84,68,91
1206DC,83,70,90
1206EY,75,58,88
1206GG,81,64,89
1206KS,74,60,91
1206RY,93,75,92
1206SU,85,70,93
1207CD,77,63,90
1207DR,78,63,89
1207ZF,81,69,89
1208CT,80,64,87
1208GZ,75,59,88
1208JJ,80,65,88
1208KO,77,63,92
1208SG,84,67,90
1209EE,81,64,89
1209LC,80,66,91
1210,78,58,91
1210AG,79,63,92
1210BB,84,68,90
1210KW,82,72,89
1210SU,76,64,92
1210TM,75,61,90
1210YZ,83,68,94
1211DB,83,67,86
1211IO,83,69,92
1211PD,74,58,89
1211PE,81,64,91
1211QB,77,61,91
1211QR,76,63,92
1211WS,77,61,87
1211ZH,79,65,91
1212CS,85,70,89
1212IR,82,69,90
1212LX,81,67,89
1213FG,74,62,87
1213GX,71,60,92
1213GY,76,62,89
1213HX,87,74,86
1213LJ,80,64,93
1213NT,81,64,90
1213ZJ,76,61,88
1214CG,75,59,91
1214OK,81,68,90
1215AM,77,59,92
1215BT,85,67,92
1215FJ,81,69,91
1215IC,79,67,88
1215NS,88,77,90
1215QE,80,66,89
1215YV,71,55,92
1216AM,80,62,91
1216PD,83,67,91
1216WY,78,65,88
1217BI,86,70,93
1217NZ,81,67,85
1217SI,75,62,92
1217YL,82,68,88
1218BC,87,74,88
1218DW,88,72,90
1218FF,81,66,90
1218XN,83,67,89
1219BA,80,62,92
1219FE,81,68,85
1219SN,83,66,90
1219UZ,82,70,93
1220CM,84,70,91
1220ET,78,64,90
1220FA,72,58,88
1220FK,78,63,88
1220MI,89,72,84
1220RV,87,73,90
1220YE,82,67,91
1221BS,69,55,88
1221DN,79,64,90
1221ES,87,71,89
1221IC,83,67,90
1221JA,79,63,88
1222BE,87,74,90
1222FS,76,62,90
1222HO,82,64,94
1222QB,87,74,89
1222SF,86,72,90
1222VZ,83,68,92
1222ZQ,89,74,88
1223CK,88,73,90
1223OE,74,56,92
1223TA,83,70,94
1224BG,81,64,91
1224CZ,77,60,90
1224LL,75,60,91
1224UE,76,59,88
1224XX,86,70,87
1225KY,79,62,88
1225RI,85,72,84
1225ZY,74,58,90
1226IC,86,73,92
1226OS,81,67,88
1226PK,78,61,89
1226QE,73,58,92
1227AP,81,67,88
1227LS,80,61,90
1227LT,71,56,89
1227MI,79,65,89
1227PM,79,67,88
1227YE,82,66,91
1228AZ,87,73,92
1228GN,77,64,90
1228IK,80,60,91
1228JU,90,76,87
1228NJ,86,69,90
1228PB,75,62,88
1228QY,72,54,90
1228SV,86,71,91
1228TV,85,70,91
1228YO,97,84,90
1229AG,74,59,89
1229DC,82,67,88
1229FK,77,64,92
1229KZ,83,65,86
1229LY,77,60,89
1229PM,80,66,90
1229UT,84,70,87
1229VV,80,65,90
1229WQ,79,68,87
1230EL,80,65,90
1230JD,77,66,89
1230MO,82,68,87
1230XF,77,59,87
1230ZE,72,58,86
1230ZS,88,74,88
1231CI,85,72,88
1231CM,77,57,90
1231MM,79,62,90
1231MW,82,68,94
1232AY,78,66,90
1232CV,77,62,92
1232EH,79,64,91
1232GK,75,58,88
1232GM,87,71,91
1232SY,80,64,93
1232TX,92,78,95
1233PT,80,63,92
1233RJ,77,59,87
1233VD,83,70,90
1233WM,85,72,86
1234FN,78,63,90
1234HF,69,52,91
1234HO,80,63,91
1234LG,73,60,90
1234LX,83,66,86
1235AB,80,67,92
1235EA,76,60,95
1235JV,77,63,92
1235MO,77,61,91
1235NB,75,60,91
1235SG,82,68,92
1235SO,75,61,87
1235XF,87,70,90
1236RH,72,55,89
1236UA,73,58,93
1237LV,78,65,90
1237MZ,76,57,90
1237RO,85,70,90
1237UO,79,65,88
1238PY,83,70,92
1238RT,79,64,85
1238TU,88,69,87
1238UZ,78,61,89
1238ZV,83,67,92
1239AH,80,66,89
1239AX,81,67,88
1239CB,71,51,90
1239EO,80,67,89
1239WX,79,65,92
1240JI,72,57,93
1240WW,87,69,88
1241ET,73,57,91
1241FP,80,66,92
1241HP,71,52,94
1241NW,75,60,93
1241OC,88,70,94
1241XT,79,65,89
1241YP,79,65,87
1242QM,80,63,91
1242SL,86,74,91
1242UP,80,65,91
1243FE,87,72,91
1243GT,86,71,91
1243PN,82,71,87
1243SJ,84,72,90
1244KE,87,72,92
1244NI,84,68,89
1244PI,84,68,89
1244QY,82,70,93
1246AZ,75,57,89
1246BY,82,66,88
1246CJ,76,62,90
1246DB,83,70,90
1246TV,80,66,93
1246VW,78,61,89
1246WF,71,55,92
1247DE,87,75,90
1247ER,87,75,91
1247NA,89,74,90
1247NF,82,69,92
1247PD,78,63,96
1247PN,81,66,92
1247YI,91,79,93
1248FT,79,64,89
1248GC,81,63,89
1248OW,80,66,89
1248TP,70,55,91
1248XV,81,63,90
1249LL,84,68,89
1249LW,74,59,89
1249NM,86,66,88
1249TW,87,73,94
1249YF,80,63,87
1249ZJ,86,72,91
1250RH,74,59,88
1250UA,76,57,93
1250ZB,74,58,88
1250ZC,85,71,89
1251AV,74,58,91
1251BL,79,60,90
1251EU,81,68,88
1251PW,89,73,90
1252AJ,78,65,90
1252KO,82,65,93
1252XC,83,66,87
1252YY,79,64,91
1253HC,88,74,92
1253HY,93,76,89
1253IH,81,63,88
1253PR,84,70,88
1253TH,87,69,89
1253ZX,85,71,92
1254MR,73,57,91
1254YR,78,67,91
1255CC,85,69,89
1255DG,79,63,92
1255LJ,78,63,89
1255NH,82,67,87
1255NS,83,67,86
1255SM,85,69,91
1255WA,78,62,90
1255YB,79,63,90
1256EM,89,77,89
1256QT,73,56,89
1256SQ,76,60,92
1256UG,82,65,92
1256VC,78,63,93
1256VX,71,56,94
1257CN,77,62,90
1257DF,82,67,90
1257JZ,74,55,90
1257VC,86,71,88
1257WG,73,56,95
1258LX,83,68,87
1258OF,81,65,90
1258XN,72,58,87
1258YG,86,72,89
1259JZ,83,69,91
1259OW,81,65,92
1259OY,76,59,92
1260BH,74,61,88
1260KK,81,67,89
1260MR,81,65,85
1260NK,83,69,88
1260SJ,80,66,90
1260YY,74,60,92
1260ZU,83,70,93
1261DA,80,63,90
1261KA,71,58,90
1261LJ,76,58,92
1261RG,78,64,90
1261WF,78,60,89
1262DN,75,61,89
1262KM,81,66,90
1262LT,73,57,91
1262SC,89,72,92
1262WE,86,72,91
1262YQ,90,72,93
1263JU,76,58,93
1263ZK,74,57,92
1264AL,73,58,92
1264DF,83,71,90
1264EC,80,64,86
1264QG,80,65,88
1265AU,84,67,87
1265NH,84,67,88
1265PG,82,67,88
1265WQ,79,61,86
1265XK,78,67,88
1266BG,79,65,95
1266BZ,77,61,89
1266EZ,86,74,87
1266HW,79,63,90
1266IJ,70,53,88
1266IY,83,63,94
1266JA,85,70,90
1266ZH,80,61,91
1267FB,76,60,91
1267IF,88,70,88
1267JU,75,59,90
1267MK,83,66,87
1267PK,83,66,89
1268DC,79,62,91
1268FM,78,61,86
1268MG,80,64,88
1268QO,78,61,91
1268VP,83,69,90
1268ZX,78,63,87
1269EP,79,66,94
1269GN,76,64,92
1269TN,74,60,88
1269WA,80,64,94
1269YU,78,64,90
1270EI,80,64,91
1270LB,78,62,87
1270MI,81,62,93
1271AQ,84,67,92
1271DF,79,66,88
1271EK,79,64,86
1271JH,71,55,89
1271LZ,88,72,94
1271RM,81,64,89
1271RU,76,63,90
1271WN,75,62,91
1271XR,79,66,93
1272DP,75,62,93
1272IN,90,77,88
1272NZ,74,55,91
1272QX,75,62,90
1272SX,73,59,91
1272YB,84,71,86
1272ZM,79,65,88
1273IE,76,60,89
1273MB,81,65,90
1273MS,82,64,92
1273NB,86,70,92
1273UM,85,72,92
1273ZE,84,72,87
1273ZI,77,61,89
1274AK,77,63,88
1274CM,89,75,87
1274DF,70,56,90
1274IL,78,63,87
1274JF,81,67,89
1274PH,85,71,91
1275AV,81,65,91
1275JX,80,67,92
1275KR,74,59,91
1275LA,84,73,91
1275SS,86,72,92
1275UE,76,60,91
1276CA,77,60,91
1276IG,94,78,88
1276WZ,83,70,93
1276ZV,68,53,88
1277BP,78,65,87
1277DI,79,63,93
1277DS,71,54,89
1277EM,85,68,92
1277JW,80,61,92
1277LQ,79,63,91
1277MC,89,74,90
1277YY,77,65,92
1277ZS,85,70,91
1278BA,80,63,89
1278KW,84,69,89
1278TQ,75,60,92
1278XD,72,56,93
1279DY,75,58,91
1279LE,73,57,89
1279QV,83,68,90
1279UB,81,64,93
1280DX,83,68,88
1280GB,80,65,89
1280HV,87,74,89
1280MD,73,58,86
1280QO,79,63,88
1280RK,90,74,91
1280VI,79,66,91
1281DX,73,55,87
1281HK,72,57,87
1282GU,72,58,94
1282NB,77,63,92
1282SG,82,65,91
1282XE,82,71,90
1282YH,80,66,90
1283CD,76,64,87
1283JT,78,66,88
1283PM,76,58,92
1283TX,83,68,88
1283VY,87,74,93
1284DX,79,65,90
1284SP,71,56,90
1284ZT,87,70,92
1285DR,83,63,91
1285HU,81,67,87
1285RB,79,65,85
1285SP,77,64,89
1285TB,80,65,86
1285WH,82,67,90
1285XM,79,66,93
1285XV,83,68,91
1286EN,74,60,93
1286WX,82,67,87
1287CB,81,68,93
1287PI,82,64,87
1287QA,74,57,87
1287WS,82,70,93
1287XN,75,59,89
1288EP,78,63,88
1288GJ,77,63,92
1288VE,70,55,90
1288YR,79,59,89
1289CV,73,57,87
1289JV,78,58,92
1289MM,86,73,91
1289NY,71,55,90
1289RZ,71,57,91
1289ZA,80,65,89
1290OA,81,65,89
1290UI,78,62,86
1291EI,87,73,90
1291FO,72,57,89
1291GZ,81,68,90
1291IX,72,54,89
1291JV,79,64,97
1291VN,81,63,91
1291WQ,73,61,91
1291YU,79,65,92
1292GK,83,66,88
1292IP,70,52,91
1292JA,73,59,89
1292JE,96,83,90
1292NO,82,65,90
1292RR,85,67,91
1292TJ,79,65,87
1292UR,82,70,92
1293JS,82,66,87
1293PE,90,74,91
1293PM,84,71,91
1293RV,80,66,90
1293TV,86,68,89
1293TZ,71,54,90
1293UH,84,71,90
1293VE,88,76,88
1293XD,85,69,91
1294IB,82,67,90
1294PX,77,60,91
1294WJ,92,77,89
1294WU,76,59,90
1294XL,76,61,92
1294ZN,74,57,90
1295BM,71,58,86
1295FF,83,66,92
1296CN,82,67,91
1296DL,74,60,92
1296HC,71,55,90
1296IG,88,70,88
1296LY,77,65,88
1296MQ,85,72,91
1296RH,80,64,90
1297AK,83,68,89
1297BH,82,66,92
1297ES,80,65,90
1297HF,84,72,87
1297NE,85,70,91
1297RE,80,65,89
1297WG,82,65,90
1297YW,77,61,93
1298IG,83,72,89
1298JL,93,76,92
1298KU,76,66,93
1298PE,84,70,90
1298PZ,83,68,90
1298SW,70,53,91
1298TD,81,64,87
1298VC,71,54,90
1299FX,75,65,89
1299IM,73,57,90
1299KC,73,61,91
1299LA,73,58,90
1299NP,84,69,86
1299PG,76,59,89
1299UU,82,65,92
1300HQ,92,74,89
1300JH,78,61,93
1300WS,81,65,91
1300YA,79,64,88
1301DU,79,60,89
1301LO,80,65,92
1302BJ,80,62,90
1302CH,75,61,91
1302EB,81,66,89
1302EN,78,63,89
1302GX,69,54,90
1302HN,83,67,86
1302QA,76,60,90
1302ZK,77,60,91
1303PL,82,64,88
1304DQ,79,64,91
1304FL,84,69,92
1304JT,81,66,90
1304NU,83,66,90
1304UU,77,62,91
1304ZN,74,54,92
1305IA,81,65,89
1305LD,89,73,93
1305LR,75,62,88
1305VN,78,65,88
1305XR,73,56,91
1306LR,88,74,91
1306ME,88,69,92
1306UD,75,64,90
1307NS,84,66,91
1307WH,73,58,89
1308BE,83,66,92
1308JC,79,66,84
1308UI,72,59,87
1309EJ,84,71,90
1309WM,84,67,89
1309XL,74,58,90
1310ON,76,61,94
1310WX,73,59,92
1310ZB,89,68,92
1311JK,78,61,86
1311KX,81,65,88
1311PX,76,60,94
1311SI,80,66,87
1311ZW,78,64,91
1312CL,88,73,91
1312IP,77,65,88
1312MR,79,67,90
1312OK,81,66,90
1312QL,76,63,87
1312TH,77,59,90
1312WL,82,66,90
1313GG,85,70,91
1313GN,88,69,89
1313JZ,85,69,85
1313OD,80,66,89
1314JW,77,62,88
1315CV,84,69,91
1315FG,76,60,88
1315FH,81,67,90
1315FI,86,71,88
1315MN,87,71,86
1315RQ,83,69,89
1315SR,73,61,91
1315ZP,75,61,88
1316AL,74,61,90
1316CM,75,59,86
1316VP,79,67,90
1316WV,87,71,89
1316ZC,81,66,87
1317HO,69,55,91
1317JL,85,69,89
1317PX,82,65,90
1317TQ,86,67,92
1318EV,82,68,90
1318OX,69,57,89
1318VH,85,76,90
1318YH,80,67,89
1319JN,74,56,93
1319OP,78,66,92
1320BV,83,67,87
1320MM,70,56,90
1321AD,79,64,92
1321GL,81,66,87
1321OW,91,79,92
1321PK,79,65,93
1321QD,80,63,90
1321VZ,88,74,91
1321XU,80,61,89
1322AT,81,66,87
1322OD,70,53,91
1322OV,82,68,87
1322SA,82,66,90
1322SC,72,57,84
1322ST,85,75,91
1322WE,77,64,89
1322WF,73,58,91
1322ZQ,78,62,90
1323DN,76,58,91
1323GY,80,64,86
1323SZ,76,62,92
1324CT,83,70,93
1324GI,89,74,92
1324JG,79,60,88
1324LI,89,74,92
1324QN,81,64,90
1324SZ,80,62,90
1324TN,82,67,92
1324TO,82,68,93
1324UE,81,71,89
1324VH,71,55,90
1325CH,76,61,90
1325HA,78,61,89
1325HX,88,76,85
1325JY,84,71,94
1325KA,87,74,91
1325NB,80,65,91
1325NK,74,60,91
1325QO,88,70,90
1325RQ,80,66,90
1325VF,84,69,91
1325WR,75,60,91
1325ZL,90,75,90
1326CK,84,70,94
1326GO,71,56,87
1326QO,75,61,89
1326QY,87,72,91
1326RJ,94,82,90
1326TH,74,57,88
1326TL,77,63,94
1326ZK,73,61,89
1327AI,73,57,88
1327JV,76,62,90
1327LF,75,59,88
1328DM,76,57,86
1328HQ,84,69,90
1328RJ,81,68,86
1329AX,90,75,90
1329CI,74,57,91
1329HN,79,64,89
1329PN,77,60,90
1329TD,86,67,93
1330FR,92,77,91
1330LG,77,62,86
1330LS,76,62,93
1330ZD,72,56,89
1331VL,85,68,88
1332BX,71,59,93
1332DQ,78,63,90
1332GI,86,70,92
1332HW,78,63,89
1332WI,87,72,92
1333AJ,80,65,89
1333BJ,79,65,88
1333FK,77,63,90
1333FU,89,77,93
1333LO,81,67,90
1334CL,81,69,91
1334GR,81,65,91
1335CW,88,76,90
1335HA,75,61,91
1335KD,77,61,93
1335MA,79,64,91
1335OU,86,73,88
1335PR,78,59,90
1335RK,73,59,90
1335SM,68,55,91
1335VK,81,64,88
1336HW,86,71,89
1336NZ,81,64,92
1336UL,81,66,88
1336VC,80,66,93
1336YM,73,60,92
1336YZ,76,64,87
1337JF,83,67,89
1337KZ,72,60,89
1337RJ,71,58,90
1337VC,83,64,89
1337YV,86,69,89
1337YZ,79,63,89
1338ND,82,65,91
1338PW,89,75,93
1338SQ,92,80,97
1338UO,82,66,91
1339KP,91,77,88
1339OZ,86,70,90
1339TD,85,71,91
1339YC,83,64,91
1339ZX,79,66,89
1340HL,83,68,91
1340IL,87,69,90
1340MQ,84,69,91
1340XY,87,70,90
1341CN,90,79,89
1341FN,88,70,89
1341GB,82,68,93
1341KJ,80,66,89
1341MS,80,65,87
1341UZ,80,63,90
1341XI,74,54,87
1341YA,86,71,86
1342LK,76,60,89
1342OS,82,66,90
1342TK,81,65,89
1342TQ,81,66,91
1343CV,79,64,91
1343DX,74,57,89
1343IQ,78,59,89
1343KA,81,69,90
1343TJ,74,56,92
1343VC,81,69,86
1343VV,77,63,91
1344FQ,78,61,88
1344FV,82,68,90
1344OE,78,61,91
1344SX,81,68,88
1345BI,85,68,91
1345GV,71,55,90
1345KB,83,69,91
1345SD,81,68,91
1345TL,85,67,92
1346HD,82,65,87
1346RU,70,55,89
1346TA,70,56,90
1346ZG,79,63,89
1346ZN,86,74,87
1347NX,69,56,93
1347YN,77,60,90
1347YU,83,72,90
1348DE,78,63,89
1348DV,73,60,93
1348HO,85,70,90
1348KG,76,65,84
1348VA,88,70,89
1349BX,82,64,94
1349KN,78,64,91
1349KR,84,68,88
1349LP,76,61,91
1349PU,72,58,90
1349QI,76,65,90
1349UO,79,63,91
1350EH,81,67,91
1351CE,78,60,90
1351MZ,77,59,89
1351NY,78,64,91
1352DU,83,67,92
1352MT,73,58,91
1352NU,80,69,89
1353CX,81,66,89
1353MG,82,69,91
1353OV,78,64,87
1353PQ,84,70,88
1353YR,80,64,88
1353ZJ,80,68,88
1354CX,83,68,94
1354HV,82,67,88
1354TQ,84,73,89
1354TU,83,65,92
1354YQ,84,73,90
1355BV,81,65,91
1355DO,85,72,89
1355HS,75,61,90
1355HV,71,57,88
1355LR,75,60,90
1355SN,82,68,90
1355TB,71,56,92
1355WN,75,61,89
1356HV,81,69,89
1356WU,82,66,88
1357QS,85,70,91
1357YR,78,63,88
1357ZE,77,60,90
1357ZJ,78,62,89
1358EO,86,71,88
1358LR,76,59,92
1358MU,77,60,91
1359CZ,80,64,89
1359KX,77,63,92
1359UT,75,60,89
1359WF,78,64,90
1360DF,71,58,90
1360JW,81,65,87
1360TD,73,57,89
1361CE,78,65,93
1361GA,80,66,92
1361NH,83,71,93
1361RL,77,62,92
1362GL,83,66,92
1362UG,79,62,89
1363BC,76,64,90
1363DU,83,69,87
1363IO,79,59,89
1363UX,80,66,91
1363WF,81,65,91
1363WG,74,65,93
1363YP,93,81,88
1364RC,80,67,87
1364SD,83,65,91
1364UZ,78,62,90
1365DY,85,68,88
1365GH,79,62,91
1365JB,80,68,90
1365KK,80,63,89
1365PV,85,66,91
1365RT,76,58,88
1365SY,86,75,90
1365XH,77,68,91
1366GG,75,60,87
1366UN,78,65,90
1366UO,76,61,91
1367WE,82,67,88
1368EA,81,67,92
1368MN,87,76,92
1368MR,86,69,92
1368NM,84,71,88
1369DM,80,64,92
1369HV,72,59,90
1369IE,84,69,92
1369IG,80,63,91
1369IR,88,71,89
1369OS,91,79,89
1369RK,86,72,90
1369TY,86,71,89
1370CN,77,63,90
1370LV,75,62,88
1370LW,84,68,93
1370OR,79,58,93
1370RW,80,66,90
1371BE,86,68,89
1371MF,84,70,91
1371ND,78,64,90
1371RY,81,69,92
1371UQ,74,60,93
1371YI,75,60,89
1372JG,83,70,92
1372KL,79,64,90
1372YA,77,62,88
1373DF,82,68,91
1373GL,78,63,92
1373JQ,87,73,89
1374CK,80,66,91
1374OM,83,69,93
1374QK,87,73,92
1374QP,75,59,91
1374SA,78,62,91
1375LG,76,63,90
1375PW,72,56,92
1375XI,80,67,92
1376LO,78,66,87
1376NW,79,63,90
1376VL,80,64,91
1376WN,71,55,91
1377MO,89,73,92
1377VL,75,61,89
1378DF,86,71,92
1378FH,86,73,89
1378FR,84,67,88
1378GO,77,62,87
1378OB,81,68,91
1378PC,83,65,86
1378QE,79,63,92
1378SK,90,73,89
1378SR,75,59,89
1378TR,84,66,90
1378WL,88,73,87
1379BC,81,67,89
1379BQ,79,64,89
1379RB,76,61,89
1379TR,79,59,88
1379XV,83,68,95
1380ND,78,64,95
1380PZ,83,68,91
1380RL,79,66,92
1380XY,87,71,90
1380YA,81,66,92
1380YU,91,76,87
1381CX,87,72,88
1381ES,78,63,90
1381IF,75,62,87
1381JE,82,69,92
1381JM,84,72,91
1381MA,79,65,88
1381OZ,83,67,91
1381TW,80,64,87
1382CY,84,73,90
1382GW,74,58,92
1382PM,84,68,87
1382ZV,79,61,92
1383LY,85,67,91
1383UT,82,64,87
1383VI,74,58,94
1383VS,75,59,89
1383WG,80,66,92
1383WP,90,75,89
1383XY,81,65,88
1384DA,81,66,89
1384HG,85,69,93
1384PM,75,58,87
1384QS,83,71,90
1384WH,79,64,89
1385CM,87,77,89
1385DH,75,57,90
1385FU,85,72,89
1385GB,80,67,91
1385SG,88,75,90
1387KV,75,58,88
1387MP,80,66,89
1387NJ,84,67,91
1388JC,81,68,91
1388KJ,73,57,93
1388LM,85,71,89
1388LQ,74,57,92
1388XM,77,61,90
1388YH,76,63,89
1389PK,74,60,88
1390AX,90,75,91
1390CR,72,58,89
1390HX,90,77,92
1390JD,73,60,88
1390JV,77,61,90
1390VS,85,69,88
1390YH,80,63,92
1391BZ,72,56,91
1391LZ,74,56,92
1391PH,86,68,87
1391VQ,77,61,90
1392BI,80,64,90
1392KK,75,57,88
1392OE,74,60,89
1392RD,71,57,91
1392RE,73,58,92
1392VG,83,66,91
1393ZL,77,63,89
1395AJ,78,60,87
1395BY,74,57,90
1395CZ,77,62,91
1395GO,80,65,90
1395HN,81,64,87
1395WM,89,74,90
1396DG,75,60,88
1396EP,84,70,90
1396JT,82,66,87
1396QO,79,64,91
1397QQ,84,68,89
1398AZ,75,61,89
1398JP,76,62,91
1398KT,78,66,88
1398TT,82,65,90
1398WY,79,64,90
1399DK,72,56,89
1399FN,77,63,90
1399IW,81,67,94
1399SB,87,72,93
14,78,64,91
1400DQ,76,64,89
1400EH,83,69,92
1400FD,76,58,90
1400MR,78,63,93
1400MW,74,60,91
1400NA,86,72,96
1400QM,82,69,87
1401AH,80,65,90
1401AY,78,60,87
1401MZ,75,59,92
1401RJ,79,61,94
1401YM,77,62,90
1402CI,79,65,93
1402IK,90,73,90
1402SB,83,68,94
1402UP,78,61,91
1403FR,76,60,90
1403OM,79,66,87
1403RJ,88,71,90
1403XJ,83,70,90
1403YY,74,62,90
1404MA,83,67,89
1405DM,80,64,94
1405PS,90,79,86
1405VK,88,76,88
1406EB,85,73,88
1406EF,77,63,88
1406LH,80,62,91
1406LU,88,74,90
1406NM,69,51,88
1406OD,73,59,89
1407AG,74,60,88
1407CJ,79,63,90
1407GT,79,68,90
1407TS,89,75,91
1407WB,85,69,91
1408CY,75,57,90
1408DL,89,71,91
1408DP,84,67,90
1408DX,75,59,94
1408VR,81,68,91
1409JH,81,66,91
1410KN,82,72,89
1410TL,82,67,88
1411FO,85,68,92
1411HQ,69,53,89
1411MZ,80,65,89
1411SV,76,58,90
1412DB,77,67,88
1412GK,80,68,91
1412KJ,86,71,92
1412LN,82,66,94
1412PL,79,64,88
1412QP,86,73,86
1412ZA,84,69,90
1413GU,81,68,90
1413ML,77,61,91
1413OV,79,64,93
1414FM,81,67,87
1414FZ,83,67,91
1414OJ,80,67,91
1414SB,63,46,92
1414UA,79,59,87
1414UK,73,56,93
1415CT,80,65,91
1415EW,89,72,91
1415RM,86,68,89
1415WQ,84,66,89
1415XC,78,62,88
1415YA,71,56,87
1415YU,79,64,92
1416OS,70,58,92
1416XY,83,64,89
1417EK,78,65,87
1417FD,83,68,96
1417JQ,91,76,90
1417KZ,79,63,88
1417XL,86,71,90
1417YF,78,62,91
1417ZZ,92,78,89
1418CC,82,66,90
1418RB,76,61,91
1419IL,85,66,86
1419JJ,91,79,88
1420EW,83,68,87
1420RA,77,61,92
1420UV,83,69,89
1420XM,82,64,89
1421CV,85,67,93
1421DG,87,72,91
1421TS,82,68,90
1421XF,75,61,92
1421XH,77,60,87
1422EZ,74,56,87
1422KY,80,66,88
1422PM,82,69,86
1422QK,77,64,90
1422TK,85,70,90
1422US,75,64,88
1422WV,72,59,87
1423CH,78,62,88
1423EM,82,67,89
1423KT,82,69,92
1423TR,82,67,87
1424CE,84,70,87
1424EE,84,69,87
1424LU,83,67,86
1424NQ,78,63,88
1424WX,77,60,86
1425CA,81,67,91
1425LX,82,65,92
1426CT,87,75,90
1426NJ,79,64,89
1426NL,76,62,87
1426SS,81,66,90
1427BB,75,59,90
1427BP,79,64,92
1427HM,75,60,87
1427PB,72,55,90
1427TH,80,65,90
1428NO,85,73,90
1428PU,81,65,89
1428YA,78,63,90
1429BC,92,79,91
1429KB,75,58,88
1429QR,74,60,91
1429VH,68,53,88
1429WH,80,65,90
1429YH,80,65,84
1429ZC,76,62,95
1430HQ,82,68,91
1430LK,76,57,91
1430NQ,77,62,93
1430PD,79,65,87
1430PE,81,67,89
1430RJ,89,80,90
1430ZC,84,66,89
1431DY,80,64,93
1431YZ,86,70,93
1432ET,80,64,88
1432IB,74,62,89
1432NO,75,62,86
1432PA,80,64,91
1433JD,83,72,91
1433LO,79,67,90
1433MX,77,61,88
1433TE,88,74,94
1434EM,79,61,87
1434IM,72,59,91
1434MY,80,67,91
1434SA,69,54,91
1434UL,77,62,91
1435EM,76,64,91
1435EX,82,70,88
1435PM,83,71,91
1435YR,80,66,89
1436BY,76,61,91
1436DM,84,72,90
1436JG,86,72,89
1436OK,88,70,86
1436OV,76,61,89
1436OX,80,64,88
1436TC,72,59,90
1436TY,79,66,93
1437KA,84,67,86
1437OS,81,65,91
1437ZR,78,62,94
1438GH,77,60,88
1438NE,77,63,92
1438XL,77,60,87
1439CV,80,63,87
1439DE,79,64,89
1439KR,81,63,91
1439VL,90,74,88
1439YO,81,63,90
1440LS,69,54,89
1440OL,79,61,87
1440OQ,80,61,87
1441JF,82,71,88
1441RM,77,61,91
1441TM,81,66,90
1441VK,77,63,89
1441WX,80,65,89
1441YR,72,54,91
1442HJ,73,61,87
1442KG,78,64,85
1442KI,74,60,91
1442RI,85,74,90
1442SV,87,73,91
1443IJ,88,72,92
1443KM,82,67,92
1443WO,83,66,89
1443YU,81,64,91
1444ML,84,68,91
1444MU,83,68,92
1444NF,84,69,94
1444OA,78,60,88
1445AS,75,59,88
1446IL,88,68,92
1446JY,75,60,92
1446KX,76,60,89
1446PS,80,65,89
1446UC,77,65,88
1447KP,72,54,90
1447NM,84,69,90
1447OR,78,64,90
1448HZ,76,57,90
1448LY,77,63,85
1449AE,82,69,90
1449AR,84,66,87
1449HK,82,69,88
1449KS,78,62,90
1449LZ,79,62,90
1449OJ,79,62,91
1449QN,76,61,90
1449SD,85,73,91
1449SU,70,54,88
1449ZX,80,64,90
1450BW,80,63,92
1450GQ,83,71,90
1450IK,84,69,93
1450LV,79,65,90
1450ML,75,60,88
1450PD,81,65,90
1450WA,79,62,88
1450WJ,90,75,91
1451KY,83,67,91
1451UD,70,55,86
1451UT,72,57,89
1452AY,84,66,89
1452CF,81,68,90
1452IX,80,68,92
1452KF,74,60,93
1452KT,75,57,90
1452MA,80,71,89
1452SJ,83,71,89
1452XW,74,62,93
1452YT,81,67,92
1453JC,87,71,90
1453JW,72,58,92
1453QK,91,78,90
1453WG,84,69,88
1453XP,83,67,92
1454HJ,86,70,90
1454IN,82,71,89
1454JA,80,64,91
1454QB,83,69,87
1454WD,85,69,91
1455EQ,81,63,88
1455FX,82,65,92
1455MZ,76,60,89
1455PL,78,61,87
1455YQ,73,55,88
1455ZC,77,62,89
1456BN,71,54,89
1456PA,75,60,90
1456PO,80,61,93
1456RL,84,67,90
1456RY,78,63,87
1456YU,82,71,92
1457QJ,85,66,91
1457XZ,78,66,90
1457ZV,91,76,91
1458OZ,87,72,89
1458QW,84,68,91
1458UB,80,64,90
1458XL,92,78,92
1459AL,82,69,93
1459DH,78,64,91
1459IC,72,59,89
1459JU,84,73,88
1459LM,84,69,90
1460FU,72,58,91
1460NV,83,69,90
1460RL,75,61,91
1460WQ,76,60,87
1460ZV,88,75,92
1461AS,79,66,89
1461ET,82,67,88
1461GA,81,65,91
1461MQ,75,65,88
1461QX,84,71,89
1462QC,83,70,94
1462SC,78,65,88
1462SU,81,69,92
1462WA,83,68,92
1462WN,72,55,92
1463DP,78,63,92
1463FA,81,67,94
1463GQ,85,70,88
1463OQ,81,60,88
1463XT,81,67,93
1464FQ,78,63,92
1464GQ,86,73,85
1464UR,71,53,91
1465DB,81,66,90
1465IB,77,62,92
1465NN,66,55,88
1466GH,88,70,88
1466GY,78,66,91
1466HJ,82,70,87
1466LO,88,73,88
1466LZ,68,55,91
1466WF,79,63,90
1466XX,84,72,90
1466YG,73,60,89
1467HN,74,57,90
1468BC,82,66,90
1468DX,78,61,90
1468ID,79,65,85
1468MM,77,59,88
1468RQ,84,68,92
1468SY,81,64,91
1469EJ,79,63,91
1469JD,73,57,86
1469RD,76,62,88
1470HI,76,61,90
1470KZ,78,59,90
1470MH,84,70,92
1470NY,75,56,89
1470OE,82,72,92
1470OM,77,61,88
1470QC,81,63,90
1470VJ,74,60,88
1470XO,84,68,88
1471AQ,86,73,89
1471ET,83,69,91
1471HX,82,69,90
1471LS,79,64,93
1471MB,75,60,90
1471ST,69,54,91
1471VT,76,63,91
1471WQ,83,65,91
1472WH,72,55,91
1473BK,77,59,87
1473DJ,83,66,91
1473FN,79,65,90
1473GH,84,71,86
1473HO,91,73,91
1473KJ,78,63,91
1473OC,85,67,87
1473TO,78,63,92
1473UW,78,65,89
1474GL,71,57,92
1474ID,73,58,92
1474KC,76,61,90
1474PN,87,72,87
1474PP,73,59,92
1474QV,80,64,89
1474TS,80,65,89
1474VE,70,56,87
1474XX,84,66,92
1475BY,85,70,91
1475IT,81,63,90
1475PE,86,71,90
1475YE,76,60,90
1476PZ,76,59,90
1476SC,78,65,90
1477NY,78,63,87
1477UH,76,61,86
1477US,75,64,95
1478AQ,89,74,92
1478FD,94,81,90
1478UI,75,58,89
1479AF,87,75,91
1479BZ,82,68,92
1479KC,82,68,92
1479ME,81,65,91
1480GW,82,67,93
1480IS,82,65,91
1480OV,82,67,90
1480QP,80,64,89
1481GO,84,67,91
1481HF,79,69,88
1481HZ,87,77,90
1481IL,80,66,92
1481MD,77,65,89
1481SM,73,58,90
1481WK,81,66,92
1482LH,84,70,88
1483FV,82,65,89
1483IS,74,60,93
1483JK,77,62,91
1483VJ,76,59,92
1483ZC,75,60,90
1484BO,76,60,90
1484CK,89,71,89
1484DX,81,65,91
1484JQ,78,58,86
1484NV,77,62,95
1484PS,76,62,93
1484UZ,82,67,92
1484ZM,78,63,93
1485GG,78,67,91
1485IZ,82,68,89
1485JI,75,59,91
1485TH,89,73,89
1485UX,81,65,91
1485VI,84,71,88
1485YL,89,71,91
1486RG,82,66,89
1486YV,71,56,88
1487KJ,76,64,90
1487OW,86,73,90
1487PJ,77,61,94
1487TH,66,48,90
1487WF,73,60,93
1488GC,77,59,89
1489KK,78,64,93
1489UE,77,63,91
1489WW,78,63,89
1489YD,71,55,88
1490CS,73,60,90
1490ND,77,61,89
1490NL,90,77,90
1490ZG,80,67,87
1491GG,77,61,90
1491KF,72,59,92
1491NV,84,66,89
1491VB,84,67,88
1491WG,79,66,91
1491XP,88,69,92
1491YE,87,71,94
1491ZX,70,55,92
1492CT,85,70,91
1492FK,84,66,90
1492LR,77,65,90
1492SU,79,63,88
1492WM,81,65,89
1492WX,74,62,88
1492XD,86,72,88
1493BW,78,62,88
1493EK,82,63,92
1493FY,73,59,91
1493PN,77,64,94
1493UN,77,59,91
1493WD,82,64,91
1494CE,69,54,91
1494EB,71,57,89
1494HM,70,54,91
1494SS,73,58,87
1494VP,82,65,91
1494ZY,73,55,92
1495DA,81,63,90
1495DX,83,66,88
1495JF,81,65,89
1495PM,81,66,89
1495SF,80,67,86
1495VF,77,61,87
1495ZC,72,57,93
1496PF,72,54,86
1496TR,77,62,90
1496WK,76,60,89
1497IC,82,70,88
1497LW,78,61,89
1497SA,81,69,91
1497WP,78,64,90
1498WK,80,64,89
1498YJ,81,69,89
1499AR,73,56,90
1499LH,80,68,88
1499ZM,83,69,92
1500FX,75,58,89
1500HI,90,75,91
1500IH,78,62,88
1500LX,80,68,92
1501AY,80,67,88
1501CW,75,56,90
1501DO,83,69,90
1501FM,73,61,89
1501KS,83,71,92
1501ON,76,58,91
1502IZ,86,75,89
1502JI,79,65,87
1502SW,94,81,91
1503DE,77,61,91
1503LM,88,74,90
1503TD,71,57,91
1503TG,92,76,86
1503YD,80,64,92
1504EI,79,61,87
1504GZ,82,68,91
1504NM,83,68,94
1504SV,87,71,89
1505CY,84,68,90
1505HJ,80,66,92
1505LE,85,66,88
1505LJ,83,69,88
1505LT,79,64,90
1505RA,76,62,91
1506CQ,79,63,93
1506EX,78,64,97
1506JZ,76,63,90
1506KG,84,66,91
1506PU,93,79,91
1506UB,85,70,90
1506VY,79,67,94
1506WZ,81,66,88
1507BO,78,65,88
1507BQ,82,63,90
1507CB,85,69,88
1507CO,80,66,91
1507ES,79,62,93
1507FF,77,62,92
1507JY,83,68,87
1507NI,86,69,95
1508BE,82,69,88
1508CF,83,68,89
1508DU,89,76,90
1508MD,86,72,86
1508OY,72,57,95
1508QG,75,58,90
1508UD,77,61,90
1509AN,79,64,90
1509CJ,83,68,90
1509EO,74,57,91
1509KH,78,65,90
1509QQ,76,59,87
1509SU,80,66,89
1509YX,76,63,88
1510AH,70,53,89
1510HA,78,66,91
1510NU,86,72,89
1510UY,77,68,93
1511JM,87,71,89
1511OV,82,66,91
1511PV,75,60,94
1511QL,79,64,91
1511VR,80,68,88
1511WD,77,60,93
1511WQ,81,66,89
1511YS,81,65,93
1511ZZ,75,62,91
1512FH,76,55,89
1512PR,81,68,90
1512RO,72,55,91
1512XN,72,56,89
1513HI,78,60,92
1513IR,85,70,86
1513QQ,86,72,88
1514KJ,83,72,92
1514MH,73,54,87
1514MR,80,68,88
1514QL,79,62,92
1514UP,83,70,90
1514WI,88,73,88
1514YF,86,72,89
1515IQ,80,71,91
1515WQ,72,56,91
1516AG,86,68,88
1516EQ,73,57,92
1516JA,84,70,89
1516OL,81,65,90
1516PU,78,65,94
1516SE,80,68,93
1516UM,71,56,90
1517BC,83,66,87
1517CW,74,58,91
1517EW,83,70,90
1517GM,85,72,87
1517HX,79,66,94
1517KT,76,61,90
1517MX,75,60,92
1517NS,83,72,92
1517YN,81,64,91
1518EU,72,54,91
1518EW,80,64,91
1518HP,75,62,89
1518JF,89,76,88
1518LF,80,63,89
1518MC,84,72,88
1518PI,73,58,89
1518TK,82,65,88
1518ZE,88,74,90
1519BN,77,58,85
1519ER,70,55,94
1519RB,80,66,90
1519UE,70,55,91
1520BL,79,64,93
1520CX,82,67,93
1520DA,77,61,90
1520EC,90,77,89
1520JD,83,70,95
1521ET,82,67,91
1521GS,80,64,89
1521HV,82,66,89
1521IE,84,66,93
1522HW,90,75,90
1522JG,75,60,95
1522UZ,83,68,88
1522XI,84,69,92
1523GA,88,76,90
1523JK,73,57,91
1523XU,78,63,91
1524JF,77,64,89
1525GT,73,56,83
1525HG,78,61,91
1525IQ,76,59,89
1525PH,74,58,89
1525YC,85,69,90
1526AO,80,66,87
1526BT,78,65,92
1526GX,81,64,90
1526SY,79,63,91
1527BD,76,62,91
1527FC,75,59,89
1527KL,67,52,89
1527MT,85,68,88
1527NF,77,61,89
1527NY,73,61,90
1527QG,83,68,90
1528LJ,74,61,88
1528MJ,85,72,93
1528RZ,91,79,89
1528UB,73,58,92
1529HA,83,70,92
1529KJ,83,68,92
1529LN,91,76,88
1529MD,81,65,91
1529VB,70,55,93
1529YK,80,65,89
1529ZJ,75,57,92
1530DI,81,67,94
1530EA,80,64,89
1530GJ,79,68,92
1530HX,79,63,94
1530LJ,77,61,92
1530PS,75,60,92
1530RE,73,59,95
1530WR,88,75,90
1530YX,84,69,90
1531QX,80,63,91
1531RY,76,61,92
1531ZB,76,60,85
1532BS,86,71,94
1532GW,76,59,89
1532IF,85,72,88
1532LE,85,75,90
1532NU,81,64,89
1532XZ,79,65,88
1532ZR,73,59,89
1533EJ,79,63,89
1533HN,77,62,87
1533JQ,75,58,89
1533XF,81,64,89
1534CX,74,58,91
1534EG,84,72,89
1534RY,85,72,86
1534SN,77,65,88
1534TG,83,63,90
1534WW,83,67,91
1534ZE,74,57,90
1535TA,77,63,91
1535VH,89,71,88
1535WA,78,63,87
1536DB,77,63,90
1536PH,78,62,92
1536TS,76,61,91
1536VY,80,63,91
1536XA,74,61,88
1537CD,75,60,90
1537JP,90,75,93
1537RS,83,66,93
1538MS,74,58,88
1538SS,81,67,92
1538XA,86,73,92
1538YD,77,60,88
1539LK,87,75,89
1539OF,82,65,89
1539OG,71,58,86
1539PQ,81,64,91
1539UJ,75,57,89
1539ZT,76,64,92
1540EQ,84,71,89
1540IQ,82,67,88
1540NL,87,71,88
1540QD,89,74,91
1540SF,86,70,91
1540XQ,87,75,88
1540ZJ,82,66,86
1540ZX,87,69,94
1541BU,86,72,92
1541IQ,83,67,92
1542BC,76,62,94
1542KT,80,68,88
1542PS,79,62,90
1542QK,77,63,88
1542QR,85,73,94
1542RV,83,65,88
1542YK,82,66,91
1543AV,79,67,89
1543RG,90,76,89
1543TD,77,63,85
1543TY,81,68,90
1543UG,86,74,91
1543UN,72,59,94
1543WD,76,61,93
1543ZO,85,71,90
1544LX,75,63,91
1544ZJ,86,69,90
1545AO,82,68,89
1545GT,75,59,91
1545HX,78,66,90
1545KF,82,68,87
1545QD,73,57,90
1545WH,75,60,93
1545YT,78,62,85
1545ZQ,83,70,88
1546CL,74,59,93
1546EC,75,58,88
1546IW,89,73,88
1546NC,80,64,93
1546SZ,82,65,88
1547BG,75,58,83
1547CM,78,64,90
1547GQ,75,61,88
1547HR,81,61,91
1547KI,81,70,90
1547MQ,78,62,88
1547NY,90,71,88
1547OR,78,61,92
1547PL,73,57,91
1547TU,82,65,90
1548FG,84,72,92
1548IB,81,65,88
1548JB,79,63,87
1548KU,75,59,90
1548VC,81,66,90
1549DM,82,68,93
1549FA,80,66,90
1549JM,88,74,90
1549KU,83,66,91
1549OP,77,61,93
1549PW,75,59,92
1549QS,75,59,87
1549SO,81,64,91
1550GC,79,60,90
1550GO,79,65,89
1550QP,87,74,87
1550UD,78,62,92
1551DI,75,59,94
1551EG,84,73,90
1551FS,85,69,89
1551HP,82,64,90
1551JD,76,62,87
1551KQ,89,73,87
1551PP,83,69,89
1551QV,84,71,90
1551ZZ,73,57,90
1552JP,81,69,92
1552MH,76,60,92
1552NN,90,75,92
1552OB,85,71,88
1552OF,81,63,91
1552YO,88,74,91
1553FI,73,58,92
1553PH,74,61,88
1553SF,79,63,85
1553TF,82,66,91
1553YF,86,71,88
1554AR,82,65,87
1554CR,84,70,92
1554GT,84,66,91
1554LB,78,64,87
1554RS,77,61,90
1554SH,72,55,87
1554UV,68,50,85
1554WF,79,62,92
1555SP,84,70,91
1555TS,75,60,90
1556EZ,84,66,93
1556HA,80,67,92
1556RS,79,62,89
1556XH,84,68,88
1557BZ,76,60,91
1557DQ,85,69,89
1557GK,76,59,88
1557II,83,71,94
1557KI,77,62,96
1557ML,78,64,86
1557NM,85,69,89
1557OL,79,63,89
1557VZ,86,69,91
1557ZI,76,60,90
1558NU,82,69,89
1558OG,94,81,89
1559DB,76,58,92
1559DF,81,66,91
1559RF,83,70,89
1559RN,94,74,89
1559WU,80,65,88
1560EM,89,75,91
1560GB,85,67,90
1560MG,83,66,90
1560XX,83,69,92
1560YJ,82,68,91
1561AQ,84,72,91
1561BJ,73,57,87
1561MD,81,68,90
1561RR,75,62,92
1561VX,86,70,91
1561WA,76,61,85
1561WM,70,57,87
1561XX,85,70,89
1562AA,75,60,90
1562JP,77,59,94
1562NK,85,71,92
1562PV,77,61,90
1562YJ,90,75,86
1563GQ,77,58,87
1563LD,80,64,89
1563NL,83,66,92
1564AK,83,65,91
1564CS,79,62,89
1564EI,78,65,90
1564NV,78,64,89
1564QA,81,65,91
1564QG,87,73,90
1564RB,75,57,88
1564ZZ,89,72,88
1565CK,70,56,90
1565MK,81,67,92
1565WC,82,65,88
1566CH,76,60,89
1566LB,84,70,92
1566WS,78,66,91
1566WU,78,64,92
1566ZJ,82,70,90
1566ZN,83,66,89
1567AR,85,69,89
1567AX,75,57,87
1567BN,77,60,88
1567CU,83,66,90
1567CX,76,59,87
1567MG,76,59,90
1567PL,81,66,92
1567XA,71,53,90
1567YQ,82,65,89
1568CB,82,66,92
1568JA,82,66,89
1568SV,79,63,88
1568TG,73,58,89
1568YR,75,62,95
1569FF,80,64,89
1569GA,84,72,88
1569SO,92,78,89
1569VY,87,73,92
1569YU,79,65,92
1570HJ,77,63,87
1570JF,84,70,90
1570OR,76,61,88
1571EP,80,62,91
1571OU,75,61,94
1571YD,77,60,89
1572DZ,87,71,90
1572JL,79,64,90
1573EM,86,73,93
1573HY,82,66,89
1573LT,86,68,91
1573TM,82,69,91
1573TQ,86,68,90
1573WB,81,61,90
1574CS,87,73,88
1574HH,88,75,90
1574SD,81,69,89
1574UJ,81,65,88
1575AF,80,63,88
1575GO,75,56,85
1575QV,78,60,90
1575VM,85,70,90
1575XU,84,67,91
1576AH,76,64,89
1576BC,76,64,88
1576BY,87,73,90
1576MQ,82,65,91
1576NL,81,63,90
1576SJ,77,63,90
1577AP,75,58,92
1577FS,75,62,93
1577IC,88,72,89
1577TA,85,71,94
1577UL,88,72,92
1577WF,75,60,89
1577YF,72,57,91
1578AW,83,68,88
1578HQ,79,65,89
1578IQ,81,66,91
1578LB,79,65,86
1578QT,81,67,92
1578XU,75,58,86
1579GE,91,78,88
1579GM,83,70,87
1579LJ,90,74,90
1579PG,77,65,87
1579ZQ,76,60,88
1580CS,77,60,91
1580DU,83,68,89
1580EE,80,71,89
1580NE,79,63,92
1580SI,81,63,90
1580TX,76,62,92
1580WP,75,58,87
1581AM,78,64,90
1581LI,91,74,89
1581UC,78,61,87
1581VA,79,63,91
1581YK,88,72,89
1582JJ,87,77,90
1582JZ,79,63,88
1582SA,84,71,89
1582SF,73,55,89
1582WD,88,73,90
1582WL,79,69,89
1582WS,81,66,88
1582WZ,89,73,89
1582YP,76,63,85
1583EM,80,64,88
1583FQ,83,68,89
1583HZ,77,61,91
1583PZ,87,72,90
1583UG,86,75,88
1584DA,86,70,89
1584EY,85,71,91
1584FY,73,60,93
1584LU,80,67,88
1584NG,79,66,90
1584NL,73,55,90
1584RU,81,64,90
1584TB,82,73,93
1584TP,79,67,90
1584VJ,75,58,88
1584WT,78,61,86
1584XL,74,61,93
1585AV,85,71,88
1585LY,72,54,87
1585MT,75,62,91
1585NB,78,61,89
1585RD,79,66,90
1585TC,69,52,94
1585VI,78,67,88
1585ZB,79,63,91
1586IZ,77,61,91
1586PR,77,62,90
1586QZ,84,65,89
1586TH,85,71,90
1586UO,77,63,93
1587DE,84,69,90
1587HX,84,66,89
1587KC,88,75,88
1587LM,79,66,90
1587MG,80,67,93
1587UJ,74,60,92
1588AM,74,56,90
1588FL,81,63,86
1588SB,74,64,92
1589SQ,81,66,91
1589VO,81,66,91
1590WG,74,63,90
1591ID,81,68,88
1591IR,79,60,90
1591LQ,76,62,95
1591LV,90,73,91
1591MD,94,83,91
1591PT,83,71,91
1591QC,88,72,88
1591TG,77,66,93
1591TS,84,69,87
1591VQ,78,62,91
1591WW,90,71,89
1592GM,78,61,88
1592IY,74,58,87
1592NZ,71,54,93
1592OF,79,61,88
1592OK,84,69,94
1593EY,84,71,90
1593GT,83,69,89
1593WU,71,56,88
1593ZG,79,63,94
1594AP,78,60,87
1594CC,73,58,91
1594DA,81,61,92
1594JZ,86,70,92
1594MP,74,61,89
1594QY,67,53,90
1594YO,77,61,89
1595AZ,76,60,88
1595GQ,87,74,91
1595GS,81,63,88
1595IP,82,66,89
1595JJ,79,67,91
1595RM,78,62,93
1595TD,90,71,91
1595YW,79,62,91
1596KX,85,69,91
1596ZN,91,77,93
1597CK,72,56,88
1597DN,77,62,91
1597EW,79,63,89
1597HC,75,54,87
1597QS,82,65,93
1597YI,81,63,89
1598CJ,73,55,91
1598DK,82,70,92
1598FI,83,69,92
1598FP,76,60,88
1598JI,84,71,89
1598OP,81,65,91
1598YI,85,72,91
1598ZT,79,61,92
1599BU,83,67,91
1599IS,76,62,92
1599KC,84,71,92
1599NS,84,69,89
1599WM,85,69,87
1600DS,86,71,90
1600FN,83,68,91
1600QN,74,56,90
1600XT,74,57,92
1601AK,78,64,89
1601DA,80,65,92
1601LL,73,60,92
1601RW,87,75,90
1601SM,80,71,90
1601WR,72,56,90
1601XC,74,59,90
1602RY,81,66,91
1602TU,89,77,91
1602XO,78,68,91
1602ZS,88,72,92
1603TA,76,62,92
1604BS,82,71,87
1604IW,92,80,90
1604NC,77,63,92
1604WM,80,66,90
1605BU,87,73,92
1605IS,78,62,90
1605IW,79,64,90
1605RB,79,65,94
1605ST,83,65,92
1605UY,76,61,93
1606AD,79,64,89
1606VF,79,65,89
1606YS,78,64,94
1606ZP,82,64,90
1607CK,88,71,86
1607DY,82,67,84
1607EO,73,56,90
1607GG,76,63,89
1607OB,87,70,93
1607UB,82,68,93
1607ZU,81,69,90
1608BS,79,64,91
1608HO,83,66,93
1608MU,82,63,87
1608OP,84,68,93
1608VZ,71,57,90
1608WN,84,67,89
1609IR,84,70,88
1609LK,85,71,87
1609MG,84,70,90
1610GL,78,64,92
1610GM,82,69,91
1610LO,82,66,94
1610UR,77,61,85
1610XO,74,57,90
1610YN,85,70,88
1611MW,71,57,93
1611OW,87,71,88
1611RI,82,67,91
1611UR,79,65,91
1611XS,80,67,91
1612CO,78,61,90
1612FA,82,65,89
1612HC,84,68,90
1612NS,79,67,93
1612NT,70,56,87
1612PY,86,72,90
1613FB,70,55,91
1613NN,82,66,91
1614AW,70,56,93
1614IB,74,58,89
1614JT,83,66,90
1614OP,80,65,93
1614PA,79,66,92
1614WR,76,62,84
1615IO,89,74,93
1615KG,82,68,93
1615UK,77,63,93
1616BH,81,68,88
1616DE,80,66,89
1616TL,86,72,94
1616WH,77,65,89
1616WW,91,75,92
1617AC,78,61,92
1617UC,89,73,88
1617VS,78,64,90
1618EU,73,58,91
1618EW,82,68,91
1618GF,84,68,89
1618LW,82,68,91
1618NA,78,68,86
1618TK,76,61,88
1618TU,85,72,93
1619CK,69,50,91
1619EV,79,64,89
1619HU,80,62,90
1620AN,83,63,90
1620DG,83,69,90
1620OP,74,56,89
1621IH,83,70,91
1621NW,81,65,89
1621QU,86,71,88
1621ZW,81,68,92
1622AM,75,62,89
1622CR,91,80,93
1622GM,85,70,90
1622HE,79,63,93
1622KY,84,67,91
1622LM,88,74,91
1623EY,83,70,88
1623GX,76,61,89
1623IH,89,77,90
1623QY,72,57,91
1623RN,83,71,89
1624HE,83,64,90
1624KC,88,71,88
1624PJ,81,65,91
1624SM,75,62,90
1624UY,74,60,90
1625BH,80,67,90
1625FA,82,67,92
1625TZ,82,63,91
1625ZC,77,62,89
1626CZ,85,70,90
1626HA,85,69,89
1626HT,81,68,93
1626KC,81,67,91
1626VM,84,66,90
1627LS,84,69,87
1627MC,88,73,90
1627MW,79,62,92
1627WH,69,52,92
1627WO,78,63,87
1628,79,67,92
1628BW,82,65,91
1628CG,86,71,90
1628CR,81,65,89
1628GW,75,62,93
1628HA,86,71,91
1628HC,83,66,92
1628WM,91,78,89
1629EA,76,62,88
1629QE,74,58,91
1630EO,86,69,88
1630HG,70,56,90
1630LA,78,61,91
1630MM,76,62,87
1630NW,81,66,91
1630RA,77,61,94
1630UK,80,66,95
1630VJ,85,71,89
1630VW,84,70,91
1630ZE,86,70,89
1631CV,77,67,91
1631KF,72,57,88
1631OC,84,68,93
1631OV,85,69,90
1631VS,79,62,92
1631XQ,83,65,92
1632BA,87,72,91
1632FU,75,58,91
1632IA,71,58,90
1632KX,77,60,92
1632LH,77,61,89
1632NZ,91,75,90
1633DX,84,69,90
1633ER,84,68,86
1633PQ,75,57,88
1634GR,81,68,86
1634HW,79,65,90
1634LB,78,62,92
1634QT,87,75,89
1634UO,85,66,86
1634VR,76,62,87
1634XH,75,61,92
1634XK,73,54,88
1635EO,80,65,88
1635GN,70,54,91
1635ID,83,67,88
1635NC,81,63,90
1635PC,83,70,87
1635PH,86,71,85
1635PY,83,73,90
1635RM,77,64,91
1635VG,81,67,89
1635VT,83,67,90
1635XK,78,63,92
1635ZQ,72,59,89
1636CZ,85,68,91
1636KI,81,66,89
1636OZ,87,76,90
1636SP,81,66,88
1637BJ,88,71,90
1637CM,93,79,90
1637NY,75,61,90
1637VP,79,64,92
1638AT,83,67,90
1638GB,77,59,89
1638HX,71,57,87
1638QL,85,70,91
1639BJ,76,62,89
1639DD,82,69,87
1639GZ,83,68,90
1639MN,74,57,91
1639OZ,80,65,90
1639TS,83,65,93
1639UV,87,73,91
1639XI,84,69,94
1639ZA,83,63,90
1640CR,82,64,88
1640HI,80,66,91
1640OV,86,73,87
1640PQ,84,68,89
1640UL,79,65,91
1640XO,73,59,88
1641BX,79,64,89
1641IB,83,66,92
1641IV,72,60,90
1641WL,78,60,88
1642FY,77,60,94
1642IK,80,64,94
1642OE,79,65,90
1642TR,86,69,91
1642UA,81,64,91
1642ZX,74,61,92
1643BB,77,63,90
1643NT,75,56,89
1643PZ,80,64,88
1643TW,81,71,93
1643WW,70,55,87
1643XS,84,67,88
1644CI,74,59,90
1644DC,77,62,90
1644EZ,81,67,91
1644HL,82,66,90
1644NA,77,62,93
1645DB,85,71,88
1645GH,81,65,86
1645NW,80,66,90
1645OM,81,65,90
1645RF,88,74,88
1645TM,86,69,87
1645TT,88,71,90
1645YJ,81,67,88
1646AB,79,65,89
1646EJ,75,61,91
1646OQ,79,63,93
1646PD,72,56,91
1646UW,79,63,89
1646WV,91,77,89
1646YB,87,70,90
1647VU,84,68,88
1647ZS,73,60,91
1648AD,72,54,88
1648BT,80,63,92
1648GW,79,63,90
1648LR,79,62,89
1648WR,96,82,92
1649HZ,79,62,90
1649NW,90,73,88
1649QT,79,65,89
1649SD,82,67,87
1649UT,77,64,90
1649XG,79,65,89
1649YQ,86,71,91
1650AP,77,60,91
1650BM,76,64,88
1650EA,80,66,90
1650FY,78,63,92
1650GY,93,75,89
1650KN,81,67,94
1650MY,89,77,91
1650NM,74,61,88
1650XI,80,65,87
1651BA,80,67,90
1651CO,85,72,94
1651IG,76,61,91
1651ML,77,63,88
1651NZ,81,65,91
1651RO,81,67,93
1651RY,89,75,90
1651XK,78,62,90
1652CI,76,66,90
1652ET,77,61,93
1652NM,78,60,90
1652PC,81,65,90
1652RU,77,65,87
1652VR,71,57,90
1653AB,84,67,89
1653AW,88,72,89
1653BS,85,73,89
1653EQ,81,66,90
1653FN,67,49,90
1653GS,79,62,93
1653IF,79,64,90
1653UB,84,70,88
1654OS,82,67,92
1654QK,79,62,86
1655CC,75,61,89
1655FJ,77,59,89
1655PP,73,63,90
1655TG,75,62,90
1655YH,78,64,91
1656IE,71,54,89
1656JV,75,63,88
1656KX,79,65,89
1656LV,77,63,86
1656QA,74,59,92
1656VB,81,65,90
1656ZM,83,72,91
1657DK,72,55,88
1657GB,86,69,90
1657OL,85,69,88
1657PT,81,66,91
1657WL,73,56,91
1658LT,80,67,93
1658NC,79,60,87
1659AD,83,71,87
1659FK,81,67,89
1659IC,79,64,88
1659NG,71,56,91
1659NM,85,69,91
1659PD,79,62,91
1659VS,82,67,89
1659XK,75,59,90
1660AW,79,62,89
1660DA,78,63,89
1660IK,82,65,90
1660SK,79,60,92
1660TB,81,68,93
1660TG,76,62,92
1660WM,84,66,86
1661HJ,83,68,87
1661KG,82,65,89
1661RL,82,66,94
1661SL,83,72,90
1662DA,82,69,89
1662IF,85,68,91
1662VE,81,67,93
1663BN,74,58,87
1663EK,90,76,91
1663ZC,82,66,88
1664HU,77,64,88
1664TC,74,58,95
1664WE,83,68,89
1664YM,75,59,87
1665IZ,80,63,92
1665KO,74,57,88
1665YA,82,68,91
1666CJ,82,65,93
1666GO,71,58,90
1666IT,77,60,92
1666KX,84,69,87
1666TY,81,68,89
1667BI,86,74,92
1667HX,76,60,89
1667JF,79,63,89
1667TA,85,70,88
1667TO,85,71,93
1668DM,85,70,88
1668KZ,74,58,91
1668PE,84,69,91
1668QC,70,58,90
1668UP,79,62,88
1668ZL,77,61,87
1668ZS,85,68,88
1669EI,81,68,90
1669JL,83,67,94
1669KS,76,61,88
1669LH,81,63,92
1669RQ,83,71,86
1669YN,80,62,91
1669ZR,84,67,92
1669ZU,76,59,91
1670ST,77,61,88
1670ZI,76,61,94
1670ZK,83,66,88
1671IB,70,58,90
1671LD,81,66,88
1671OW,76,62,91
1671XD,81,65,90
1671YD,76,60,87
1672DL,74,59,92
1672HK,82,66,92
1672KH,80,64,93
1672PJ,77,60,89
1672PO,78,59,89
1672PU,83,68,90
1672UN,79,65,92
1673DE,74,58,91
1673EH,83,69,87
1673EJ,83,68,88
1673GG,85,70,87
1673GW,78,64,87
1673HB,74,58,91
1673HR,90,76,91
1673IE,77,61,93
1673JV,75,57,91
1674EH,84,71,91
1674JG,86,72,92
1674OY,83,68,92
1675AO,79,66,90
1675CB,82,70,89
1675EW,77,58,89
1675NF,85,72,90
1675YJ,72,58,88
1676AJ,74,56,91
1676MO,73,58,90
1676WL,83,66,95
1677BC,75,63,88
1677CH,79,61,88
1677HM,76,62,90
1677HP,82,68,92
1677LJ,74,56,88
1677MN,86,70,91
1677TE,79,64,88
1677VX,73,57,86
1678EC,70,57,90
1678IS,79,63,86
1678LQ,71,55,88
1678MK,78,63,89
1678NE,80,61,89
1678QX,82,66,90
1678VQ,87,74,92
1679AL,86,70,91
1679DZ,80,63,91
1679HZ,91,76,92
1679IU,69,56,87
1679PI,83,69,94
1679SV,82,64,93
1679TC,86,69,89
1679XL,70,54,91
1680DS,78,63,92
1680DX,77,60,85
1680OX,81,64,91
1680SE,76,60,93
1680XI,76,62,88
1680YC,84,70,90
1681HP,70,53,88
1681JR,73,56,91
1681SK,81,67,91
1681VH,83,68,91
1681VI,87,73,89
1681YE,88,70,91
1682AP,81,65,86
1682FU,87,74,92
1682LE,77,61,92
1682ME,86,69,91
1682PW,86,66,85
1682WJ,89,75,88
1682XC,90,74,90
1683EU,85,69,92
1683HF,78,63,94
1683JB,80,63,92
1683NQ,76,61,90
1684AK,80,66,90
1684YD,72,60,87
1684YE,85,69,87
1685DI,86,72,95
1685EL,89,76,91
1685VT,75,63,87
1686BV,73,57,89
1686DS,82,68,90
1686EJ,84,69,86
1686OL,80,65,91
1686OR,86,72,90
1686RR,79,65,89
1687BM,77,61,92
1687CA,83,68,87
1687GQ,77,64,88
1687HD,88,74,92
1687IH,85,70,89
1687NG,75,59,90
1687NO,65,48,87
1687RV,73,55,90
1687VQ,78,61,90
1688LE,82,65,90
1688MA,78,68,90
1688OC,83,62,89
1688QW,87,75,91
1688SC,74,62,94
1688TN,87,73,90
1689SE,71,53,89
1689UB,79,59,91
1690RF,83,67,91
1690RN,78,63,92
1690ZQ,80,65,86
1691CM,81,69,94
1691HA,82,65,91
1691SS,82,68,91
1691XC,77,61,92
1691XM,76,62,91
1692AM,85,70,87
1692EU,75,61,89
1692HI,76,61,92
1692ND,94,77,89
1692OQ,78,61,89
1692QH,79,66,86
1692RH,77,63,90
1692RL,74,57,87
1692WP,78,63,87
1692YR,74,57,92
1693AH,80,63,89
1693AT,78,62,87
1693DJ,76,62,90
1693HU,77,64,89
1693KO,78,64,91
1693ND,75,58,92
1693WJ,80,65,89
1694CF,83,68,89
1694DK,72,56,91
1694EJ,75,58,89
1694GN,81,67,92
1694KF,81,64,85
1694LW,70,56,92
1694MX,75,62,91
1694YP,93,80,90
1695EG,80,65,91
1695IL,73,59,88
1695MT,78,68,87
1695NS,77,63,91
1695OX,73,56,91
1695SI,75,60,92
1695UL,87,77,92
1696OM,78,61,89
1696UG,89,71,91
1696WV,75,60,89
1697BH,85,71,92
1697ER,74,63,91
1697FP,84,70,89
1697HM,75,57,90
1697JO,82,70,88
1697KH,71,53,88
1697NC,87,73,88
1697YU,80,63,92
1697YX,85,70,88
1698HT,83,69,90
1698JQ,82,69,91
1699FS,77,61,91
1699UQ,81,68,87
1699VU,75,57,90
1700EF,75,61,88
1700FF,74,61,89
1700HX,83,68,87
1700LF,87,71,92
1700NA,86,72,88
1700RW,78,63,90
1700UA,76,65,96
1701EO,75,61,90
1701IF,80,63,87
1701LX,82,67,92
1701PU,79,63,90
1702QT,80,64,93
1702RF,74,61,89
1702TY,78,64,89
1702VP,85,70,91
1702WI,79,62,92
1703ME,78,64,94
1704EM,76,60,91
1704PQ,87,67,91
1704QA,82,68,92
1704SQ,83,69,91
1704UR,76,60,90
1705AN,86,71,88
1705UA,74,60,92
1706CP,77,65,90
1706DZ,81,69,91
1706IF,79,66,90
1707BX,81,69,92
1707QT,90,76,89
1707RU,78,64,91
1707SC,76,62,91
1707TC,81,70,88
1707TM,73,59,89
1707YN,77,64,94
1708KI,80,66,85
1708LB,69,54,91
1708MJ,86,68,87
1708RR,79,66,89
1708RV,76,60,91
1709KB,77,60,93
1709NH,76,62,89
1709NQ,84,68,87
1709RB,81,67,91
1709UM,83,65,90
1709YU,80,63,92
1709ZA,78,65,91
1710EV,86,73,89
1710HZ,76,63,89
1710IQ,83,69,92
1710KS,85,70,90
1710QR,73,59,90
1710SY,84,71,91
1710WD,84,69,89
1710ZA,69,54,91
1711DL,84,70,90
1711KS,81,66,92
1711MH,84,68,92
1711NT,84,69,90
1711ON,80,64,92
1711OO,85,69,92
1711VW,79,61,88
1712AB,72,61,89
1712EP,82,65,89
1712HP,81,66,90
1712JX,75,61,92
1712NV,89,75,89
1712TJ,78,64,88
1713AQ,76,61,93
1713DL,79,64,89
1713EB,74,59,88
1713FY,81,67,91
1713PD,88,71,90
1714AT,82,68,88
1714GB,76,61,92
1714IK,86,67,92
1714JN,76,61,88
1714OK,91,75,91
1714VJ,88,74,91
1714ZG,76,63,89
1715KC,80,63,92
1715RE,81,66,90
1715SF,79,66,88
1715XK,81,65,88
1716BD,80,63,91
1716GR,78,61,94
1716HQ,77,58,89
1716RP,80,65,90
1716TF,81,70,92
1717EY,85,73,90
1717MO,91,77,90
1718EW,82,65,92
1718JP,72,57,92
1718JZ,81,68,91
1718PV,82,66,90
1719PH,83,67,92
1719PO,85,67,91
1719YY,86,69,93
1719ZV,83,67,88
1720FF,81,65,89
1720PZ,75,61,92
1720UB,83,64,92
1720ZF,73,51,90
1721BJ,87,73,90
1721DO,79,62,90
1721FM,84,66,90
1721KS,90,72,88
1721KY,83,67,93
1721WL,86,71,92
1721ZF,84,68,90
1722CO,78,64,90
1722RQ,80,63,88
1723BM,83,69,92
1723DG,79,67,92
1723FO,83,67,87
1723GP,79,64,89
1723IA,79,65,89
1723TM,82,69,88
1723UG,83,72,90
1723VC,85,68,88
1724QG,81,67,87
1724VV,85,68,91
1724WN,82,65,93
1724XI,76,61,95
1725CE,83,70,89
1725NA,79,62,85
1725RK,75,58,94
1725TJ,86,68,88
1725XU,73,60,89
1726HW,75,62,89
1726RH,72,59,92
1726RZ,83,69,92
1726SN,84,66,86
1726XM,87,70,91
1726YS,82,66,91
1727LO,86,72,90
1727TK,81,64,90
1728AY,77,62,93
1728FS,65,46,90
1728HW,89,71,94
1728KT,85,69,89
1728NA,81,68,93
1728NG,80,66,90
1728NR,72,52,93
1729DG,84,69,93
1729FS,75,59,89
1729MX,80,62,92
1730AN,86,67,91
1730IJ,77,60,90
1730IP,78,62,87
1730SN,83,70,91
1730TN,75,59,91
1731AO,84,70,88
1731DV,86,74,90
1731OS,79,63,88
1731RP,84,66,92
1731SO,84,69,90
1731VP,86,73,92
1732HA,80,65,93
1732IR,81,66,91
1732QN,81,64,90
1732UU,75,61,90
1732WF,80,66,93
1732WG,85,70,87
1733LG,71,54,88
1733NS,84,70,86
1733TI,75,59,88
1733ZT,75,60,91
1733ZW,90,72,88
1733ZX,75,61,90
1734HA,85,70,86
1734KH,74,59,91
1734QV,71,58,90
1734WN,86,71,90
1735JQ,69,56,91
1735MC,83,65,91
1735VS,81,68,93
1735XC,85,71,86
1735ZI,79,62,89
1735ZY,77,61,91
1736AW,76,62,94
1736BL,83,69,90
1736DZ,83,66,91
1736WF,82,70,92
1736WL,89,74,89
1736ZW,75,59,91
1737GU,77,64,88
1737OQ,84,68,94
1737UY,86,71,90
1737YB,72,58,88
1737ZI,82,62,88
1738AU,77,63,90
1738OB,78,60,91
1738TK,85,72,90
1739IU,90,76,89
1740AO,81,66,91
1740FZ,80,67,89
1740IZ,69,57,89
1740OX,78,64,89
1740SY,77,65,90
1740WR,78,63,94
1741RR,85,70,90
1741VF,79,65,89
1741YL,85,68,92
1742CQ,80,66,88
1742JA,88,70,88
1742ME,73,56,88
1742RT,79,66,90
1742VP,79,65,91
1742VY,85,72,90
1743FM,79,69,93
1743GS,86,74,87
1743HG,78,63,88
1743NP,86,70,91
1743NY,81,66,90
1743QY,81,68,92
1743TW,78,62,91
1743YY,82,71,89
1744AD,77,64,92
1744AI,72,58,89
1744DL,77,62,90
1744GQ,86,70,88
1744RH,67,51,93
1744TF,86,67,90
1744XO,82,69,92
1745AG,74,58,93
1745BJ,82,65,94
1745BT,80,67,94
1745OP,76,63,91
1745PA,72,61,91
1746VX,92,76,92
1747EV,74,60,92
1747NU,74,59,89
1747QY,85,67,90
1747WN,85,70,91
1748BR,78,62,87
1748DZ,73,62,89
1748QO,75,59,92
1748QS,82,68,91
1748UM,77,64,91
1748UX,77,65,89
1748VR,94,77,90
1749GZ,81,67,88
1749KS,79,67,92
1749PN,83,70,90
1749RM,77,61,91
1749VT,78,59,90
1749ZL,80,66,87
1750FH,79,65,90
1750KV,79,62,88
1750SB,81,64,89
1750SI,82,64,90
1750VH,85,68,89
1750WW,86,67,88
1750ZO,85,65,91
1750ZW,81,68,88
1751AB,67,53,90
1751LZ,77,63,90
1751NT,82,67,88
1751OM,84,71,92
1751QU,85,71,90
1751SI,81,68,89
1751WA,79,64,91
1752EN,79,65,90
1752IN,85,73,90
1752IT,84,72,91
1752NB,74,61,88
1752QU,91,76,91
1752SF,81,68,91
1752WJ,89,74,91
1752YL,82,66,93
1753JW,82,65,91
1753OI,84,67,90
1753YB,77,63,91
1754DQ,79,65,94
1755AD,82,67,89
1755DP,81,65,93
1755FK,84,67,92
1755IX,75,60,93
1755SQ,77,63,92
1756AN,78,64,90
1756EM,76,60,94
1756PJ,73,59,92
1756PU,87,70,89
1756VO,78,64,90
1757AH,83,69,94
1757HP,78,60,89
1757YQ,78,67,90
1758DE,81,68,89
1758EC,88,72,91
1758HC,77,62,88
1758JN,85,72,91
1758JT,70,58,88
1758KD,74,60,91
1758PP,87,70,88
1758QK,85,72,89
1758RS,69,53,93
1758RX,81,66,89
1758WH,76,62,94
1759DQ,86,74,94
1759DV,88,73,90
1759KX,76,59,88
1759QH,87,73,92
1759RD,65,51,87
1759SH,75,64,92
1759ZO,77,65,90
1760FE,80,66,86
1760PW,82,70,88
1760TN,73,58,92
1761MT,80,64,89
1761WJ,84,67,90
1762AV,88,71,93
1762GM,80,61,90
1762MN,85,68,90
1762NQ,80,63,89
1763CL,84,71,92
1763GX,82,66,93
1763KO,84,70,96
1763NS,80,62,90
1763QD,86,69,89
1763SJ,81,64,90
1763UQ,79,65,90
1763YR,84,67,88
1764AD,78,59,90
1764BD,87,74,89
1764BG,81,64,94
1764CV,76,62,90
1764KG,77,58,93
1764OQ,77,62,88
1764PC,79,64,91
1764QH,79,62,87
1765FY,81,65,87
1765IB,75,63,91
1765VD,79,61,90
1765XI,78,63,92
1765YI,73,54,87
1765ZH,77,57,89
1766CH,84,70,89
1766NQ,85,69,93
1766OE,75,60,91
1767AS,84,67,91
1767EK,83,70,86
1767HN,81,67,93
1767KT,86,71,92
1767WE,77,64,89
1767YN,83,67,86
1768CB,73,59,86
1768CE,79,65,88
1768NT,77,64,90
1768SP,75,60,92
1768UM,77,58,88
1768ZP,76,60,90
1769BP,84,68,91
1769IQ,79,65,89
1769JH,93,83,91
1769NM,88,72,92
1769UP,86,71,89
1769WC,76,63,90
1769WX,81,66,90
1770GX,77,64,92
1770NQ,88,75,90
1770PJ,83,67,89
1770PV,80,69,91
1770UK,93,78,89
1771LD,83,67,91
1771OA,74,56,89
1771OU,78,61,88
1771PQ,77,64,88
1772JU,82,69,91
1772KA,82,65,88
1772LW,83,69,94
1772OE,72,58,92
1772RJ,84,66,91
1773CC,80,65,90
1773LC,83,68,90
1773QJ,72,60,92
1773WE,88,75,91
1774JZ,77,61,91
1774PP,82,66,88
1774QW,77,59,89
1774TR,77,65,96
1774YO,73,59,90
1775BT,76,62,91
1775PC,79,65,89
1775QH,72,59,90
1775ZM,85,69,87
1776GR,81,63,92
1776IX,76,62,87
1776MC,84,67,90
1776MK,83,71,88
1776MY,71,55,89
1776NP,73,61,93
1776VS,84,66,90
1776XH,76,64,90
1776YQ,74,62,88
1776ZE,75,59,91
1777CO,77,64,90
1777II,73,57,89
1777JW,79,63,91
1777LC,80,65,92
1777NB,79,64,91
1777TD,89,75,89
1777VM,81,66,93
1778AK,83,67,91
1778AL,84,66,90
1778CB,76,60,92
1778HZ,85,68,91
1778JZ,77,58,92
1778RK,84,69,90
1778XG,80,66,88
1779GE,85,69,96
1779GU,82,68,91
1779OG,83,66,93
1779VL,78,66,89
1780AK,73,59,88
1780NL,83,70,90
1780PC,75,59,89
1780YN,86,71,92
1781EX,88,71,90
1781IA,73,57,87
1781KF,77,62,92
1781KO,83,69,90
1781SD,77,62,90
1781UZ,74,59,88
1781YA,87,73,92
1781YT,78,62,90
1782BE,89,74,88
1782EX,80,64,90
1782GE,89,75,93
1782LQ,82,69,89
1782MF,80,63,88
1782QS,78,66,90
1783IV,81,68,93
1783ND,80,67,91
1783PY,86,71,88
1783TK,81,68,91
1783WH,86,69,90
1783XV,90,76,92
1784BW,78,65,88
1784FS,79,64,93
1784IE,82,67,87
1784XE,87,72,91
1785IG,75,62,89
1785SQ,83,62,92
1785SR,84,71,90
1785XK,82,64,92
1786KV,80,62,92
1786LK,83,70,93
1786LV,80,64,91
1786MW,82,68,89
1786OJ,79,66,88
1786QX,82,73,87
1786XB,80,66,93
1786XE,83,64,90
1786ZL,82,66,90
1787BV,85,69,90
1787CG,79,65,91
1787DW,77,59,89
1787IQ,75,62,93
1787KY,84,70,88
1787LO,77,62,89
1787MN,75,61,89
1787NA,87,71,90
1787NF,78,62,92
1787OI,82,68,90
1787QN,90,76,95
1787ZM,84,74,92
1788IC,75,60,90
1788IZ,85,67,94
1788TB,80,67,90
1788VI,78,62,93
1789BN,85,72,89
1789KB,78,64,91
1789LV,77,63,90
1790AW,81,63,90
1790JM,77,62,91
1790KI,78,63,92
1790QB,79,64,89
1790TR,77,61,87
1791FU,91,75,95
1791OR,79,64,91
1791OY,81,66,89
1792AS,80,64,92
1792BB,85,72,90
1792HF,83,67,92
1792HV,85,69,92
1792IT,81,60,90
1792KI,80,69,87
1792WK,77,64,91
1793GK,81,63,93
1793XD,82,66,93
1793XM,90,74,91
1794GA,84,72,89
1794HH,82,70,90
1794JI,80,66,87
1794NR,73,56,90
1794OK,74,59,91
1794PH,71,59,90
1794UJ,83,63,88
1794UN,77,60,89
1794ZT,82,64,87
1795OD,86,71,91
1795UV,72,59,88
1796EB,70,58,88
1796JK,74,58,90
1796KV,79,61,93
1796OY,85,70,89
1797FA,81,68,92
1797LD,91,77,91
1797QY,77,64,91
1797TM,75,59,92
1798ET,84,70,93
1798LK,90,77,91
1799HV,80,66,89
1799IT,72,55,92
1799IU,80,64,91
1799JQ,78,62,90
1799JY,84,70,88
1799NI,81,66,89
1799YQ,78,65,91
1800CF,84,73,91
1800VO,78,64,91
1800YB,77,61,92
1800ZJ,77,60,91
1801BS,81,68,92
1801DE,83,67,92
1801IG,72,57,90
1801TS,70,54,91
1802FE,78,61,90
1802LD,86,72,89
1802NS,87,75,93
1802PI,72,55,88
1802TG,81,66,92
1802UO,85,67,89
1803AH,76,60,90
1803AX,72,59,92
1803FF,81,69,89
1803TI,78,62,88
1803YT,91,76,92
1804DI,80,64,90
1804MP,75,57,89
1804QL,78,66,91
1805CL,77,62,86
1805ZG,80,65,90
1806GG,81,71,93
1806KH,86,71,87
1806QH,74,56,90
1806QT,79,63,91
1807KS,86,72,87
1807NC,74,58,89
1807SI,83,68,91
1807WG,85,72,88
1807WQ,84,69,90
1808DP,81,65,92
1808EG,76,63,92
1808EV,79,62,92
1808FD,80,67,93
1808FG,82,63,93
1808OT,78,65,89
1809CL,79,61,91
1809GA,67,51,85
1809JT,81,64,91
1809LK,77,58,90
1809PD,77,62,88
1809PM,81,69,93
1809PQ,80,63,90
1809SO,71,55,93
1809ZQ,78,61,94
1810BM,84,69,93
1810EH,84,67,92
1810EP,74,63,90
1810MO,81,65,93
1810ZD,77,63,89
1811FD,87,75,87
1811JG,88,73,91
1811MQ,79,61,91
1811RU,80,64,90
1811ZE,82,64,92
1811ZO,79,65,91
1812KU,89,70,89
1812LC,76,62,91
1812RR,74,58,92
1812WE,86,73,86
1813CO,76,64,91
1813FR,86,70,90
1813IZ,93,77,93
1813VS,87,72,92
1814CV,73,55,92
1814DG,75,60,92
1814IX,79,65,89
1814NO,82,73,90
1815CY,83,67,91
1815EC,80,67,87
1815GW,79,63,88
1815OI,86,69,90
1815ON,86,69,93
1815TC,72,60,90
1815TZ,82,67,91
1816FH,79,62,92
1816YB,86,73,89
1816ZF,83,69,89
1817IE,86,72,89
1817II,81,66,90
1817UZ,85,70,90
1817WP,77,61,90
1818BO,82,66,88
1818HT,86,72,87
1818MA,80,65,91
1818PI,73,58,90
1818RM,76,62,87
1818RZ,79,62,90
1818UH,76,59,91
1819CF,79,64,91
1819CV,83,69,92
1819CZ,73,59,89
1819MV,80,62,90
1819RH,73,58,88
1819RZ,84,69,92
1820GL,77,61,88
1820KS,79,60,88
1820SD,75,60,87
1820VJ,77,62,91
1820WG,86,72,93
1820ZI,79,64,91
1821FY,81,64,91
1821HT,75,58,89
1821UH,83,66,93
1821VA,77,61,88
1821VK,87,74,90
1821VW,73,59,89
1822YU,91,77,91
1823FC,76,62,90
1823TV,94,76,93
1824FR,78,61,90
1825SD,82,68,90
1825TY,89,72,90
1825VB,78,63,92
1826BW,85,73,88
1826IJ,78,62,87
1826JA,88,72,88
1826SC,76,61,91
1826VQ,78,66,93
1826YI,83,66,86
1827GH,80,63,92
1827NY,78,62,91
1827OX,82,65,90
1827SD,77,66,89
1828GA,87,70,89
1828HR,84,70,90
1828KX,81,69,87
1828VK,74,60,90
1829KT,78,61,88
1829OP,80,65,93
1829VP,74,62,91
1829ZP,80,65,88
1829ZZ,84,68,93
1830FL,90,73,91
1830HG,85,70,90
1830MG,77,60,91
1830OK,70,57,91
1830RT,81,63,92
1831AF,84,69,90
1831GE,77,60,91
1831HU,71,57,90
1831IY,88,68,91
1831RC,82,69,91
1831RG,85,72,88
1831XC,88,73,85
1832BS,86,73,94
1832BT,81,68,89
1832QH,75,61,93
1832UN,83,68,92
1833GS,75,61,93
1833RG,82,66,89
1834HH,77,61,90
1834JN,78,65,90
1834ZB,85,69,92
1835HO,82,66,91
1835TJ,71,53,88
1835ZG,75,61,87
1836GR,80,70,89
1836MU,73,59,89
1836PZ,81,67,92
1836XC,81,66,89
1836YF,80,66,88
1837AR,79,67,90
1837FP,84,69,90
1837LK,82,68,94
1837TD,85,68,88
1837XW,85,68,91
1838AP,76,66,87
1838AY,82,67,89
1838SW,75,56,89
1838UY,83,67,86
1838WI,78,64,91
1838YF,81,67,88
1838YH,81,64,91
1839AK,83,71,88
1839YY,80,66,92
1839ZG,79,63,93
1840HZ,87,73,89
1840LN,82,66,92
1840QM,75,64,90
1840SR,85,71,89
1840WK,78,62,89
1841PE,86,71,88
1842IM,83,70,92
1842JA,72,59,89
1842XQ,85,69,87
1843CY,88,71,91
1843GI,78,64,88
1843JF,80,66,89
1843TY,75,61,89
1843UU,80,64,88
1844CL,75,59,90
1844JO,80,63,91
1844OZ,81,65,91
1844SZ,78,61,86
1845DU,84,69,90
1845FP,89,77,88
1845OQ,65,51,89
1845RG,78,59,90
1846BF,85,69,89
1846NT,85,67,87
1846UB,87,73,88
1847CQ,81,66,88
1847DX,79,63,92
1847GC,85,70,93
1847JG,83,65,92
1847JU,80,62,87
1847NL,84,68,90
1847OG,85,74,92
1847UO,83,68,91
1847VR,82,63,90
1847WH,83,68,90
1848EE,75,61,88
1849EY,90,77,88
1849II,75,59,85
1849JA,77,60,90
1849KO,83,69,90
1849XM,89,70,90
1850BA,86,72,88
1850IK,80,65,90
1850JY,85,71,87
1850KS,81,64,91
1850QZ,76,60,92
1850SY,79,64,89
1850VZ,79,68,91
1850ZI,74,56,90
1851DP,78,61,92
1851IA,76,58,88
1851IW,75,60,93
1851YW,82,66,89
1852EC,73,57,86
1852GN,87,74,91
1852JI,86,68,87
1852LV,80,65,87
1852MX,79,64,91
1853KU,78,64,91
1853LF,82,67,90
1854GW,70,54,92
1854MT,79,62,93
1854QB,74,60,90
1854ZF,85,74,95
1855EF,73,60,90
1855GR,83,70,92
1855GS,79,61,90
1856EK,75,60,86
1856KU,69,57,89
1856NV,80,64,92
1856VK,66,51,90
1857AK,79,66,91
1857DF,83,69,88
1857GC,78,64,89
1857GW,78,64,93
1857KG,77,64,92
1857ML,84,65,88
1857MS,79,66,94
1857MV,79,65,91
1857UO,77,61,83
1857YS,83,72,90
1858AT,83,69,92
1858BJ,92,77,91
1858HE,76,60,91
1858WZ,79,67,92
1859DF,79,65,94
1859DZ,83,66,91
1859NA,91,76,89
1859OM,86,72,90
1859SL,75,63,88
1860IW,78,60,89
1860MG,76,62,89
1860PD,74,59,87
1860XI,84,65,91
1861BZ,87,72,92
1861DS,89,76,92
1861IC,78,63,88
1861JS,78,64,91
1861NY,82,66,92
1861RU,76,61,94
1861VX,79,63,89
1862BU,76,59,90
1862EK,69,56,91
1862SO,85,71,89
1862UA,84,68,90
1863HM,79,63,88
1863LR,85,70,88
1863MI,83,66,90
1863VB,88,74,91
1864AN,78,62,90
1864CW,87,71,90
1864KU,77,62,85
1864LJ,84,72,89
1864XF,87,72,89
1864XT,75,61,87
1865DJ,80,65,89
1865FX,78,61,88
1865JO,78,65,90
1865JT,88,69,88
1865KV,82,64,86
1865MD,73,60,88
1865QX,78,65,92
1865SM,68,53,93
1865ZB,81,68,89
1866AI,78,66,94
1866GE,83,65,90
1866HV,73,60,90
1866IC,87,69,89
1866KN,83,69,90
1866MB,76,62,93
1866MN,75,59,88
1866RH,87,77,89
1866VM,82,64,90
1867KC,81,65,90
1867RG,83,68,89
1867WM,81,64,88
1868LX,82,68,90
1868PW,81,67,90
1868QH,80,68,88
1868TM,75,57,94
1868WM,84,69,89
1869CO,79,63,90
1869LA,86,72,92
1869OB,76,63,94
1869QL,78,66,92
1869TO,74,61,90
1869VG,88,74,91
1870EP,80,64,91
1870IC,84,67,88
1870KG,81,64,90
1870OY,72,57,87
1870VA,77,62,89
1870XR,74,59,92
1871FR,90,73,91
1871ID,89,75,87
1871UH,85,68,93
1871YE,86,72,93
1872CP,75,59,92
1872EU,79,63,90
1872IM,83,68,90
1872LQ,78,63,91
1873DA,87,70,91
1873MX,77,65,91
1873UA,83,74,94
1873YN,75,64,89
1874AF,79,63,90
1874EF,81,66,89
1874FC,88,69,88
1874GZ,82,65,88
1874KF,76,62,90
1874TS,79,64,91
1874YQ,69,53,87
1874ZQ,73,58,88
1875IU,92,79,90
1875LG,78,62,88
1875SR,79,63,87
1875TT,79,66,89
1875UA,81,65,94
1875XB,78,66,91
1876EE,85,70,92
1876KC,88,76,93
1876NW,81,69,92
1876PW,88,71,88
1876RF,81,64,91
1876VS,84,68,87
1876XQ,71,53,87
1877SL,85,68,90
1877WP,79,62,88
1877YR,78,66,90
1877ZO,70,56,90
1878BO,77,64,89
1878DC,83,69,89
1878EP,77,61,91
1878OM,79,65,89
1879DU,76,60,87
1880MB,76,58,91
1880MJ,81,64,90
1881FV,69,53,93
1881LI,88,75,89
1881NJ,88,72,86
1882AJ,75,64,87
1882CJ,77,62,89
1882FF,75,58,89
1882SI,76,63,88
1882UZ,83,71,90
1882XQ,76,63,90
1883GN,77,61,90
1883MR,78,61,93
1884KD,87,72,91
1885CD,82,63,90
1885EV,86,71,92
1885HZ,86,72,92
1885NP,89,75,91
1885NZ,80,63,90
1885TN,82,67,90
1886PS,81,60,95
1887ET,78,67,90
1887HI,75,61,88
1887JM,81,65,89
1887NI,71,56,93
1887PC,75,60,91
1887QE,78,62,91
1887UI,91,74,90
1887XR,82,69,91
1888PV,80,65,88
1888QC,73,53,88
1889BQ,78,63,89
1889FO,84,71,92
1889KZ,78,63,88
1889OI,85,71,91
1889TQ,82,67,89
1890JX,78,60,92
1891GW,83,70,90
1891SL,81,64,89
1891XF,84,71,89
1892IT,86,72,87
1892MR,78,61,93
1892TH,77,61,90
1892VG,83,69,90
1893CC,80,65,91
1893LG,84,71,89
1893ZC,86,72,89
1893ZQ,80,67,85
1894DA,79,66,91
1894DD,83,66,92
1894EX,76,62,89
1894JR,84,67,92
1894NQ,82,70,92
1894PX,74,59,92
1894SZ,84,67,91
1894TJ,82,67,88
1894UJ,84,70,91
1895ES,74,59,91
1895FM,88,75,94
1895HD,77,62,86
1895KE,79,66,89
1895OZ,77,64,89
1895QG,85,68,90
1895YV,88,70,86
1895ZW,78,61,89
1896CC,76,63,87
1896EL,73,55,95
1896HR,84,71,90
1896PX,70,52,92
1896PY,78,64,94
1897IF,86,68,93
1897IM,80,65,89
1897PW,78,62,89
1897SU,78,61,88
1898QK,88,75,90
1898SG,75,61,89
1898WF,77,61,94
1899BA,87,72,91
1899KH,71,58,88
1899KY,82,69,89
1899QR,78,63,93
1899YL,77,63,90
1900QP,75,61,90
1900SM,78,63,85
1900VO,77,61,92
1900WL,70,55,89
1901HN,78,63,92
1901MR,77,61,91
1901NG,89,77,88
1902EW,84,66,89
1902LG,71,54,89
1902MY,77,58,91
1902UR,83,69,88
1902ZJ,69,55,90
1903HH,79,60,89
1903HW,82,67,90
1903KU,65,48,90
1903OI,73,60,88
1903PL,82,67,90
1903RB,83,64,89
1904EO,81,65,89
1904IN,85,72,89
1904MT,73,59,89
1904PT,83,71,87
1904TX,74,61,84
1904VF,88,73,88
1905DX,77,60,88
1905LH,82,68,86
1905XJ,84,70,90
1905ZG,79,60,89
1906DS,84,67,88
1906FQ,92,79,87
1906JJ,81,65,94
1906KE,78,64,89
1906OZ,85,68,91
1906TN,79,65,92
1906WX,77,64,92
1906XM,77,62,92
1907NZ,90,74,90
1907UY,74,58,89
1907ZN,75,61,86
1908OK,74,62,92
1908OR,77,62,91
1908QG,73,57,85
1908SB,83,68,93
1909AL,77,62,90
1909DV,77,64,94
1909JV,76,59,92
1910CS,73,59,87
1910MX,79,64,92
1910ND,75,57,90
1910QX,85,68,87
1910UT,83,64,89
1911JA,83,69,87
1911RW,81,66,94
1912BZ,81,66,90
1912CU,81,65,88
1912DV,85,71,94
1912GH,87,71,90
1912MC,88,74,85
1912MH,78,64,91
1912ZW,79,67,92
1913IK,68,56,92
1913LG,73,58,91
1913SO,75,61,91
1913TY,69,54,93
1913TZ,85,73,90
1914AX,81,65,89
1914DN,86,69,86
1914RW,81,67,89
1914SX,80,65,89
1914WO,83,68,87
1915CG,72,56,90
1915CW,81,64,90
1915ZI,71,57,88
1916CO,84,69,90
1916VM,76,60,89
1917BN,79,64,89
1917EB,84,69,90
1917EE,76,62,92
1917PU,79,65,91
1917SP,74,57,90
1917YK,76,59,89
1917ZE,84,66,93
1918GK,89,73,88
1918GX,82,67,94
1918NE,71,53,89
1919AW,87,72,87
1919BI,83,70,89
1919LH,81,65,90
1919PG,80,64,89
1919UU,82,68,89
1919VE,75,60,93
1919VZ,86,72,91
1919XV,88,73,92
1919YR,78,61,90
1920CT,77,64,92
1920GB,77,63,91
1921IL,78,64,88
1921SD,83,68,91
1921YN,80,63,89
1922CK,78,65,93
1922DU,77,63,89
1922GE,82,67,91
1922WH,82,70,93
1923AG,92,76,93
1923CI,77,59,87
1923DQ,88,74,90
1923GU,74,60,89
1923JB,83,65,91
1923SB,85,69,88
1923WZ,75,60,89
1924DE,73,58,89
1924JU,86,69,87
1924NO,84,73,89
1924WY,70,53,88
1924ZS,82,67,92
1925DW,82,66,86
1925UD,81,66,88
1925UG,86,69,89
1925ZI,74,63,88
1926CU,80,63,90
1926QG,78,65,86
1926SZ,75,60,89
1927GG,76,61,89
1927ID,80,67,89
1927LP,82,69,96
1927RV,81,68,92
1927ZU,79,64,90
1928AT,81,67,93
1928DZ,80,65,92
1928KC,78,61,90
1928TU,75,62,87
1929OI,85,69,90
1929XO,84,73,91
1930CB,83,72,90
1930QF,79,65,91
1931BF,78,62,92
1931KN,88,74,92
1931RC,80,68,90
1931SO,77,58,92
1931VP,81,66,88
1932OJ,77,62,93
1932PS,78,61,87
1932UW,74,57,90
1933AO,69,56,94
1933JE,72,57,85
1934LL,83,65,90
1934VR,80,65,92
1935BR,78,62,90
1935HV,78,62,92
1935NW,74,58,93
1935VO,86,71,94
1935XY,79,66,93
1935YJ,77,61,94
1936AF,78,66,90
1936FW,83,67,89
1936GG,79,57,89
1936IJ,72,59,90
1936LD,82,66,90
1936RV,89,77,93
1937AR,91,75,95
1937EN,79,63,86
1937LD,82,64,91
1937SL,80,65,95
1937TN,76,60,89
1937TX,75,59,91
1938FE,76,61,92
1938MJ,81,63,88
1938PS,82,67,91
1939AH,79,61,90
1939AV,82,65,91
1939HN,73,62,90
1939IB,81,65,89
1939JI,78,62,90
1939KG,82,68,90
1939UM,78,61,88
1940CE,81,63,85
1940CV,82,69,92
1940GL,81,69,95
1940GW,81,64,91
1940TF,77,62,91
1940UC,79,67,86
1941AI,77,66,88
1941CG,76,63,90
1941EM,87,70,90
1941FN,85,67,89
1941JM,86,69,92
1941MO,85,71,90
1941NP,78,63,93
1941QB,78,60,90
1941SD,80,64,92
1941VD,78,61,90
1942HC,75,58,92
1942MQ,81,65,92
1942NO,84,66,88
1943WN,81,64,86
1944FJ,79,62,91
1944WX,78,64,91
1945CL,78,62,90
1945DN,85,66,88
1945XY,87,69,88
1946EL,80,64,90
1946LV,73,59,87
1946SK,73,62,94
1946TR,83,70,90
1947HD,82,66,88
1947LI,80,65,90
1947LL,85,68,92
1947LZ,76,59,87
1947XP,87,72,88
1948GR,80,66,83
1948JV,86,67,93
1948LU,81,65,89
1948QO,89,73,91
1948UE,83,72,91
1948WX,75,63,90
1948XZ,90,78,90
1949FX,85,67,94
1949JS,84,67,90
1950FD,81,65,85
1950QZ,89,70,88
1951PQ,84,74,90
1951UK,86,72,89
1951XA,73,59,85
1952AL,87,70,87
1952CH,80,68,90
1952DC,84,66,92
1952UR,70,53,91
1953FE,87,70,92
1953GD,68,54,89
1953OJ,80,59,93
1954FW,79,61,86
1954TE,74,58,91
1955HT,81,65,89
1955JY,84,67,87
1955OE,82,66,92
1955TE,81,64,91
1955YH,74,55,92
1956TG,74,61,92
1956TM,83,73,95
1956TQ,74,62,89
1956VH,80,64,92
1956YG,76,60,91
1956YT,71,58,90
1957DE,85,70,94
1957NU,86,68,89
1958HQ,80,65,91
1958QM,71,57,90
1959BQ,82,68,89
1959DN,76,61,88
1959FP,79,63,89
1959KM,78,65,88
1959MR,79,64,90
1959PK,83,70,89
1959QN,73,56,92
1959QZ,80,64,95
1959VL,74,62,87
1959VO,90,76,88
1959XX,68,54,94
1959YZ,80,69,91
1960EK,77,62,92
1960LP,77,61,91
1960RC,78,68,92
1960RY,76,61,86
1961BP,84,66,89
1961CR,92,77,89
1961DD,76,60,90
1961EH,86,72,92
1961EQ,87,73,84
1961PZ,79,63,89
1961RB,86,72,89
1961VB,82,64,90
1961XK,84,70,89
1961YK,81,64,89
1961ZK,78,61,91
1962EQ,74,61,90
1962IF,76,60,90
1962JQ,82,68,88
1962NH,72,60,90
1962NJ,78,65,89
1962XJ,82,65,93
1962XW,81,62,90
1963DJ,77,62,89
1963JR,77,65,87
1963UD,83,70,92
1963UF,67,52,91
1963XP,77,63,88
1964QD,85,72,92
1964SP,80,66,93
1964YE,91,75,90
1965DU,72,56,89
1965DW,83,69,92
1965HC,71,54,87
1965KT,78,64,89
1965SH,81,66,92
1966IK,87,68,91
1966LG,79,66,94
1966LI,83,67,91
1966LL,74,58,92
1966MM,80,64,92
1966RU,80,63,89
1966UW,81,65,90
1966WG,89,73,92
1966ZJ,79,62,85
1967IZ,79,60,90
1967JD,83,72,89
1967PD,76,61,88
1967VB,73,61,91
1967VI,74,59,90
1968CQ,86,68,91
1968GZ,79,65,88
1968LU,90,74,88
1968MH,86,71,92
1968PZ,84,66,91
1968RS,80,66,88
1968VZ,72,56,88
1969MV,89,75,93
1969QY,77,61,89
1969UU,82,68,89
1969XR,79,64,90
1969XX,82,68,88
1969ZB,79,63,90
1970AL,76,61,91
1970ES,80,66,89
1970XU,74,57,90
1971CG,74,56,90
1971JF,77,63,90
1971NK,81,70,90
1971OL,76,61,92
1971XR,87,77,93
1971ZC,77,65,88
1971ZS,88,74,92
1972BQ,73,60,90
1972DI,80,66,89
1972GZ,76,65,91
1972NH,80,68,91
1972SZ,72,56,90
1972VG,81,67,91
1972XV,76,62,90
1973ID,80,67,86
1973KD,76,60,88
1973XX,79,64,89
1974EL,81,64,92
1974SR,78,66,88
1974YD,80,65,89
1975BT,79,64,90
1975GR,76,62,92
1975NO,83,68,92
1975NX,81,66,90
1975OV,89,78,88
1975UU,77,61,91
1976CY,79,61,91
1976KJ,81,64,90
1976OL,70,52,92
1976QJ,80,67,91
1976RK,81,62,92
1976RV,77,62,91
1976WD,77,61,89
1976ZZ,82,69,89
1977AZ,74,56,90
1977DS,85,73,91
1977FE,81,69,91
1977HS,81,66,90
1977LA,76,60,91
1977SN,77,59,87
1977UR,86,70,86
1978FQ,78,63,94
1978HQ,79,63,93
1978UD,84,72,90
1979AC,78,63,93
1979FI,75,64,90
1979HC,74,62,92
1979KZ,82,66,87
1979OC,76,61,88
1979OG,75,62,88
1979ZF,71,57,91
1980DV,75,60,90
1980HA,73,57,92
1980ID,79,64,88
1980VI,78,60,88
1981IM,70,52,93
1981QY,78,61,89
1982DZ,76,60,89
1982FK,76,60,91
1982MC,79,64,91
1982OB,82,68,90
1982PF,86,70,86
1982UD,78,62,88
1982ZK,81,66,89
1983CJ,75,59,89
1983KV,78,62,88
1983OS,91,78,89
1983PO,82,68,89
1984DM,78,66,89
1984EI,82,68,86
1984FA,78,61,88
1984ME,71,58,89
1984NG,74,57,91
1984UL,85,71,92
1985RN,84,67,92
1985RW,87,70,89
1985SG,80,66,90
1986BP,72,54,90
1986JB,82,66,90
1986JC,73,57,93
1986MF,71,54,93
1986PT,85,69,87
1986VF,82,65,89
1986VQ,79,64,92
1987AC,82,68,87
1987IA,84,71,85
1987PZ,92,77,89
1987VG,92,79,89
1987VK,86,70,92
1987VV,77,65,91
1987WR,82,68,88
1988DE,82,66,91
1988EA,74,59,90
1988II,78,64,87
1988MG,84,67,92
1989HR,91,75,91
1989IT,85,67,91
1989JA,84,69,92
1989VY,84,67,86
1990HN,73,56,90
1991GH,80,67,93
1991KG,81,67,88
1991YD,80,65,92
1991YQ,77,61,93
1992EW,83,68,89
1992IY,82,65,90
1992KU,84,67,89
1992PG,73,58,89
1992QF,70,59,83
1992RU,89,73,90
1992ST,87,76,89
1993AP,77,64,87
1993CL,84,69,91
1993GS,67,53,90
1993IO,82,68,91
1993JP,82,63,91
1993KE,84,70,86
1993OD,68,50,88
1993XE,70,56,91
1994KK,81,64,92
1994OM,90,75,83
1994YU,72,57,92
1995ES,90,75,91
1995KR,88,74,88
1995UE,80,63,91
1995VP,77,61,89
1995XH,81,65,89
1996ML,81,65,91
1996WX,74,61,85
1997KS,76,59,91
1997SP,83,73,90
1998SL,78,65,87
1998XX,79,63,90
1998YK,79,64,91
1999XD,80,67,91